{"stats":{"minecraft:killed":{"minecraft:skeleton":4,"alexsmobs:blue_jay":1,"minecraft:chicken":3,"minecraft:pig":5,"mowziesmobs:umvuthana_follower_raptor":6,"minecraft:creeper":5,"minecraft:zombie":6,"alexsmobs:terrapin":3,"alexsmobs:gazelle":2,"mowziesmobs:umvuthana_raptor":2,"minecraft:cow":3},"minecraft:dropped":{"minecraft:enchanted_book":1,"minecraft:wheat_seeds":54,"minecraft:crafting_table":1,"gamma_beasts:coal_nugget":14,"minecraft:feather":14,"minecraft:cobblestone":72,"gamma_beasts:prehnite":1,"minecraft:leather":2,"minecraft:granite":14,"gamma_beasts:prehnite_pickaxe":1,"minecraft:stick":2,"minecraft:dirt":10,"tombstone:grave_dust":2,"minecraft:gravel":3,"minecraft:stone_axe":1,"alexsmobs:gazelle_horn":2,"minecraft:stone_sword":4,"minecraft:cobbled_deepslate":151,"minecraft:raw_copper":1,"minecraft:tuff":1,"minecraft:oak_planks":1,"minecraft:acacia_stairs":2,"smarter_mobs:spider_web":1,"minecraft:shield":1,"minecraft:leather_boots":2,"minecraft:stone_pickaxe":2,"minecraft:wooden_pickaxe":2,"mowziesmobs:umvuthana_mask_fury":1},"minecraft:picked_up":{"minecraft:crafting_table":5,"minecraft:wheat":30,"minecraft:chicken":3,"minecraft:wooden_pickaxe":1,"minecraft:gold_block":1,"minecraft:enchanted_book":1,"minecraft:shield":1,"alexsmobs:gazelle_horn":2,"minecraft:raw_copper":38,"minecraft:cobbled_deepslate":558,"unusualprehistory:paleo_fossil":4,"minecraft:beef":6,"unusualprehistory:plant_fossil_item":8,"minecraft:furnace":6,"minecraft:raw_iron":19,"minecraft:torch":1,"minecraft:porkchop":11,"tombstone:grave_dust":2,"minecraft:orange_bed":2,"minecraft:stone_sword":2,"minecraft:arrow":4,"gamma_beasts:kiwi":1,"alexsmobs:emu_egg":1,"gamma_beasts:coal_nugget":14,"minecraft:mutton":2,"minecraft:cobblestone":268,"mowziesmobs:umvuthana_mask_fury":2,"minecraft:feather":14,"minecraft:leather":2,"gamma_beasts:prehnite":29,"minecraft:tuff":1,"create:raw_zinc":11,"minecraft:oak_log":18,"minecraft:chainmail_chestplate":1,"jeg:scrap":37,"minecraft:gunpowder":9,"minecraft:dirt":10,"smarter_mobs:spider_web":1,"tombstone:gift":1,"minecraft:leather_boots":2,"minecraft:wheat_seeds":82,"minecraft:oak_planks":4,"mowziesmobs:umvuthana_mask_misery":1,"jeg:tech_trash":2,"minecraft:raw_iron_block":1,"minecraft:gravel":7,"minecraft:acacia_stairs":2,"gamma_beasts:prehnite_pickaxe":1,"minecraft:stone_axe":1,"minecraft:granite":14,"mowziesmobs:umvuthana_mask_fear":1,"tombstone:magic_scroll":1,"minecraft:coal":92},"minecraft:crafted":{"minecraft:oak_planks":72,"minecraft:raw_iron":9,"minecraft:cooked_chicken":3,"minecraft:furnace":3,"gamma_beasts:prehnite_sword":2,"minecraft:stone_pickaxe":5,"gamma_beasts:prehnite_armor_boots":1,"minecraft:cooked_porkchop":11,"minecraft:crafting_table":4,"minecraft:wooden_pickaxe":1,"minecraft:iron_helmet":1,"minecraft:stone_axe":1,"minecraft:air":0,"minecraft:bread":10,"gamma_beasts:prehnite_armor_leggings":1,"minecraft:stick":40,"minecraft:iron_ingot":28,"minecraft:iron_pickaxe":1,"minecraft:stone_sword":2,"minecraft:torch":56,"gamma_beasts:prehnite_pickaxe":2},"minecraft:custom":{"minecraft:mob_kills":42,"minecraft:interact_with_crafting_table":17,"minecraft:damage_dealt_resisted":45,"minecraft:leave_game":7,"minecraft:time_since_death":82440,"minecraft:sprint_one_cm":216427,"minecraft:walk_one_cm":182515,"minecraft:drop":53,"minecraft:talked_to_villager":1,"minecraft:play_time":82440,"minecraft:sneak_time":1288,"minecraft:walk_under_water_one_cm":4267,"minecraft:jump":1488,"minecraft:walk_on_water_one_cm":14238,"minecraft:total_world_time":82440,"minecraft:interact_with_furnace":33,"minecraft:sleep_in_bed":1,"minecraft:time_since_rest":13639,"minecraft:waystone_activated":1,"minecraft:damage_taken":1147,"minecraft:damage_dealt":5705,"minecraft:swim_one_cm":24264,"minecraft:fly_one_cm":423423,"minecraft:open_chest":3,"minecraft:crouch_one_cm":3085,"tombstone:undead_killed":10,"minecraft:fall_one_cm":26558},"minecraft:used":{"minecraft:stone_sword":32,"mowziesmobs:umvuthana_mask_fear":1,"minecraft:cooked_chicken":3,"minecraft:orange_bed":1,"minecraft:torch":50,"minecraft:mutton":2,"gamma_beasts:prehnite_pickaxe":266,"minecraft:beef":1,"minecraft:furnace":7,"tombstone:gift":2,"minecraft:cobbled_deepslate":88,"minecraft:wheat_seeds":28,"minecraft:oak_planks":5,"minecraft:stone_pickaxe":516,"minecraft:wooden_pickaxe":31,"gamma_beasts:prehnite_sword":74,"minecraft:crafting_table":8,"gamma_beasts:kiwi":1,"gamma_beasts:prehnite_armor_leggings":1,"minecraft:bread":10,"minecraft:iron_pickaxe":163,"tombstone:magic_scroll":2,"minecraft:gravel":4,"minecraft:stone_axe":25,"minecraft:cobblestone":28,"minecraft:cooked_porkchop":8,"alexsmobs:animal_dictionary":1},"minecraft:mined":{"create:deepslate_zinc_ore":11,"minecraft:tuff":32,"minecraft:granite":14,"minecraft:grass_block":2,"unusualprehistory:deepslate_fossil":4,"minecraft:raw_iron_block":1,"minecraft:furnace":6,"minecraft:iron_ore":6,"minecraft:cobbled_deepslate":9,"minecraft:gold_block":1,"minecraft:deepslate_iron_ore":13,"minecraft:stone":252,"minecraft:orange_bed":2,"unusualprehistory:deepslate_plant_fossil":8,"jeg:scrap_ore":6,"smarter_mobs:spider_web":1,"minecraft:crafting_table":5,"minecraft:copper_ore":10,"minecraft:cobblestone":14,"minecraft:oak_planks":3,"jeg:deepslate_scrap_ore":8,"gamma_beasts:deepslate_prehnite_ore":28,"minecraft:wheat":33,"minecraft:grass":1,"minecraft:coal_ore":60,"minecraft:oak_log":17,"minecraft:dirt":10,"minecraft:gravel":5,"minecraft:oak_leaves":1,"minecraft:deepslate":472},"minecraft:broken":{"minecraft:stone_pickaxe":3}},"DataVersion":3465}