{"stats":{"minecraft:killed":{"minecraft:pig":2,"alexsmobs:terrapin":3,"minecraft:chicken":3,"alexsmobs:gazelle":1,"minecraft:cow":1},"minecraft:dropped":{"minecraft:wheat_seeds":48},"minecraft:picked_up":{"mowziesmobs:umvuthana_mask_fury":1,"minecraft:crafting_table":3,"minecraft:wheat":30,"minecraft:feather":5,"minecraft:chicken":3,"minecraft:leather":1,"minecraft:porkchop":5,"minecraft:oak_log":6,"minecraft:shield":1,"minecraft:acacia_stairs":2,"alexsmobs:gazelle_horn":1,"minecraft:raw_copper":14,"minecraft:orange_bed":1,"minecraft:wheat_seeds":79,"gamma_beasts:kiwi":1,"minecraft:beef":1,"alexsmobs:emu_egg":1,"mowziesmobs:umvuthana_mask_fear":1,"minecraft:mutton":2,"minecraft:cobblestone":23},"minecraft:crafted":{"minecraft:oak_planks":20,"minecraft:crafting_table":2,"minecraft:stick":8,"minecraft:wooden_pickaxe":1,"minecraft:stone_pickaxe":1,"minecraft:stone_sword":1,"minecraft:stone_axe":1,"minecraft:bread":10},"minecraft:custom":{"minecraft:time_since_rest":15697,"minecraft:waystone_activated":1,"minecraft:sprint_one_cm":84412,"minecraft:damage_taken":439,"minecraft:walk_one_cm":38465,"minecraft:mob_kills":10,"minecraft:drop":2,"minecraft:damage_dealt":891,"minecraft:swim_one_cm":21209,"minecraft:interact_with_crafting_table":4,"minecraft:fly_one_cm":290695,"minecraft:open_chest":1,"minecraft:crouch_one_cm":36,"minecraft:play_time":15697,"minecraft:sneak_time":46,"minecraft:walk_under_water_one_cm":4235,"minecraft:jump":481,"minecraft:leave_game":6,"minecraft:time_since_death":15697,"minecraft:walk_on_water_one_cm":4314,"minecraft:total_world_time":15697,"minecraft:fall_one_cm":14464},"minecraft:mined":{"minecraft:wheat":33,"minecraft:crafting_table":3,"minecraft:grass":1,"minecraft:grass_block":1,"minecraft:oak_log":5,"minecraft:copper_ore":4,"minecraft:stone":23,"minecraft:orange_bed":1},"minecraft:used":{"minecraft:wheat_seeds":28,"gamma_beasts:kiwi":1,"minecraft:stone_sword":15,"mowziesmobs:umvuthana_mask_fear":1,"minecraft:stone_pickaxe":18,"minecraft:bread":9,"minecraft:wooden_pickaxe":14,"minecraft:stone_axe":7,"minecraft:mutton":2,"minecraft:beef":1,"minecraft:crafting_table":4,"alexsmobs:animal_dictionary":1}},"DataVersion":3465}