{"stats":{"minecraft:killed":{"minecraft:spider":11,"minecraft:skeleton":10,"alexsmobs:blue_jay":1,"minecraft:chicken":3,"minecraft:husk":1,"minecraft:pig":7,"minecraft:frog":2,"mowziesmobs:umvuthana_follower_raptor":21,"minecraft:creeper":5,"minecraft:zombie":13,"alexsmobs:terrapin":3,"alexsmobs:gazelle":2,"mowziesmobs:umvuthana_raptor":5,"minecraft:enderman":1,"minecraft:cow":3},"minecraft:dropped":{"minecraft:enchanted_book":1,"minecraft:bread":1,"minecraft:porkchop":2,"minecraft:wheat_seeds":57,"minecraft:glass_bottle":1,"minecraft:crafting_table":1,"gamma_beasts:coal_nugget":14,"minecraft:feather":14,"minecraft:cobblestone":72,"gamma_beasts:prehnite":1,"minecraft:leather":2,"minecraft:granite":14,"minecraft:mangrove_planks":2,"gamma_beasts:prehnite_pickaxe":1,"minecraft:stick":2,"minecraft:dirt":26,"tombstone:grave_dust":3,"minecraft:acacia_planks":1,"minecraft:bone":5,"minecraft:gravel":3,"minecraft:stone_axe":1,"alexsmobs:gazelle_horn":2,"alexsmobs:animal_dictionary":2,"minecraft:stone_sword":4,"minecraft:cobbled_deepslate":151,"minecraft:raw_copper":1,"minecraft:tuff":1,"minecraft:rotten_flesh":2,"minecraft:oak_planks":1,"unusualprehistory:paleo_fossil":4,"minecraft:acacia_stairs":2,"smarter_mobs:spider_web":1,"minecraft:shield":1,"minecraft:golden_leggings":1,"minecraft:birch_door":2,"minecraft:acacia_sapling":1,"minecraft:leather_boots":2,"minecraft:leather_leggings":1,"minecraft:spider_eye":1,"minecraft:arrow":3,"minecraft:wooden_pickaxe":2,"minecraft:stone_pickaxe":2,"mowziesmobs:umvuthana_mask_fury":1},"minecraft:picked_up":{"minecraft:birch_door":2,"minecraft:crafting_table":5,"minecraft:wheat":30,"minecraft:chicken":3,"minecraft:leather_leggings":1,"minecraft:wooden_pickaxe":1,"minecraft:potion":2,"minecraft:gold_block":1,"minecraft:enchanted_book":2,"minecraft:shield":1,"alexsmobs:gazelle_horn":2,"minecraft:string":18,"minecraft:raw_copper":38,"unusualprehistory:paleo_fossil":4,"minecraft:cobbled_deepslate":563,"minecraft:spruce_planks":3,"minecraft:beef":6,"unusualprehistory:plant_fossil_item":8,"minecraft:chest":1,"gamma_beasts:prehnite_sword":1,"minecraft:furnace":8,"minecraft:raw_iron":19,"minecraft:stripped_mangrove_wood":7,"minecraft:torch":5,"minecraft:acacia_log":20,"minecraft:porkchop":17,"tombstone:grave_dust":3,"minecraft:carrot":2,"minecraft:orange_bed":3,"minecraft:stone_sword":2,"minecraft:arrow":12,"minecraft:rotten_flesh":2,"gamma_beasts:kiwi":1,"alexsmobs:emu_egg":5,"gamma_beasts:coal_nugget":14,"minecraft:mutton":2,"minecraft:cobblestone":287,"mowziesmobs:umvuthana_mask_fury":2,"minecraft:feather":22,"minecraft:leather":2,"gamma_beasts:prehnite":29,"minecraft:tuff":1,"create:raw_zinc":11,"minecraft:oak_log":18,"minecraft:chainmail_chestplate":1,"jeg:scrap":37,"minecraft:gunpowder":9,"minecraft:dirt":43,"smarter_mobs:spider_web":2,"tombstone:gift":2,"minecraft:leather_boots":2,"minecraft:bone":17,"minecraft:acacia_planks":1,"mowziesmobs:umvuthana_mask_rage":2,"minecraft:wheat_seeds":85,"minecraft:acacia_sapling":1,"jeg:tech_trash":2,"mowziesmobs:umvuthana_mask_misery":1,"minecraft:oak_planks":5,"minecraft:raw_iron_block":1,"minecraft:gravel":7,"minecraft:spider_eye":1,"minecraft:acacia_stairs":2,"alexsmobs:animal_dictionary":1,"gamma_beasts:prehnite_pickaxe":1,"minecraft:stone_axe":1,"minecraft:granite":14,"minecraft:painting":1,"minecraft:golden_apple":1,"minecraft:bread":1,"mowziesmobs:umvuthana_mask_fear":1,"tombstone:magic_scroll":2,"minecraft:coal":94},"minecraft:crafted":{"minecraft:oak_planks":72,"minecraft:raw_iron":9,"minecraft:cooked_chicken":3,"minecraft:furnace":3,"gamma_beasts:prehnite_sword":2,"minecraft:stone_pickaxe":5,"minecraft:chest":1,"minecraft:cooked_beef":5,"gamma_beasts:prehnite_armor_boots":1,"minecraft:cooked_porkchop":11,"minecraft:crafting_table":4,"minecraft:wooden_pickaxe":1,"minecraft:iron_helmet":1,"minecraft:mangrove_planks":28,"minecraft:stone_axe":1,"minecraft:bread":10,"minecraft:air":0,"gamma_beasts:prehnite_armor_leggings":1,"minecraft:stick":76,"minecraft:iron_ingot":28,"minecraft:iron_pickaxe":1,"minecraft:stone_sword":2,"minecraft:acacia_planks":80,"minecraft:torch":152,"gamma_beasts:prehnite_pickaxe":2},"minecraft:custom":{"minecraft:mob_kills":90,"minecraft:interact_with_crafting_table":20,"minecraft:open_barrel":34,"minecraft:damage_dealt_resisted":75,"minecraft:eat_cake_slice":2,"minecraft:leave_game":7,"minecraft:time_since_death":47379,"minecraft:climb_one_cm":4054,"minecraft:sprint_one_cm":524179,"minecraft:walk_one_cm":461035,"minecraft:drop":76,"minecraft:talked_to_villager":1,"minecraft:play_time":141081,"minecraft:deaths":1,"minecraft:sneak_time":3215,"minecraft:walk_under_water_one_cm":4543,"minecraft:jump":2631,"minecraft:interact_with_blast_furnace":3,"minecraft:walk_on_water_one_cm":17271,"minecraft:total_world_time":141081,"minecraft:interact_with_furnace":39,"minecraft:tune_noteblock":1,"minecraft:sleep_in_bed":5,"minecraft:time_since_rest":11719,"minecraft:waystone_activated":1,"minecraft:damage_taken":3629,"minecraft:damage_dealt":14482,"minecraft:player_kills":2,"minecraft:swim_one_cm":26134,"minecraft:fly_one_cm":653412,"minecraft:open_chest":18,"minecraft:crouch_one_cm":16708,"tombstone:undead_killed":24,"minecraft:fall_one_cm":54935},"minecraft:used":{"minecraft:stone_sword":32,"mowziesmobs:umvuthana_mask_fear":1,"minecraft:chest":2,"minecraft:spruce_planks":3,"minecraft:cooked_chicken":3,"minecraft:orange_bed":3,"minecraft:torch":146,"minecraft:dirt":17,"minecraft:mutton":2,"gamma_beasts:prehnite_pickaxe":303,"minecraft:beef":1,"minecraft:furnace":9,"tombstone:gift":4,"minecraft:cooked_beef":4,"minecraft:acacia_planks":54,"minecraft:cobbled_deepslate":413,"minecraft:wheat_seeds":28,"minecraft:mangrove_planks":26,"minecraft:stone_pickaxe":516,"minecraft:oak_planks":37,"minecraft:wooden_pickaxe":31,"gamma_beasts:prehnite_sword":327,"minecraft:crafting_table":8,"minecraft:painting":1,"gamma_beasts:kiwi":1,"gamma_beasts:prehnite_armor_leggings":1,"minecraft:bread":49,"minecraft:iron_pickaxe":163,"tombstone:magic_scroll":2,"minecraft:gravel":4,"minecraft:stone_axe":55,"minecraft:cobblestone":169,"minecraft:potion":1,"minecraft:cooked_porkchop":11,"alexsmobs:animal_dictionary":2},"minecraft:mined":{"create:deepslate_zinc_ore":11,"minecraft:tuff":32,"minecraft:spruce_planks":3,"minecraft:granite":14,"minecraft:acacia_log":20,"minecraft:grass_block":2,"unusualprehistory:deepslate_fossil":4,"minecraft:white_stained_glass":2,"minecraft:spawner":5,"minecraft:raw_iron_block":1,"minecraft:furnace":8,"minecraft:fire":113,"minecraft:iron_ore":6,"minecraft:cobbled_deepslate":14,"minecraft:gold_block":1,"minecraft:deepslate_iron_ore":13,"minecraft:stripped_mangrove_wood":4,"minecraft:stone":252,"minecraft:orange_bed":3,"minecraft:acacia_leaves":1,"unusualprehistory:deepslate_plant_fossil":8,"jeg:scrap_ore":6,"smarter_mobs:spider_web":2,"minecraft:crafting_table":5,"minecraft:torch":1,"minecraft:chest":1,"minecraft:copper_ore":10,"minecraft:cobblestone":34,"minecraft:oak_planks":4,"minecraft:wall_torch":3,"jeg:deepslate_scrap_ore":8,"gamma_beasts:deepslate_prehnite_ore":28,"minecraft:wheat":33,"minecraft:grass":9,"minecraft:oak_log":17,"minecraft:coal_ore":60,"minecraft:gravel":5,"minecraft:dirt":11,"minecraft:oak_leaves":1,"minecraft:deepslate":472},"minecraft:broken":{"gamma_beasts:prehnite_pickaxe":1,"minecraft:stone_pickaxe":3,"minecraft:chainmail_chestplate":1}},"DataVersion":3465}