{"stats":{"minecraft:broken":{"minecraft:iron_boots":1,"minecraft:iron_chestplate":1,"minecraft:stone_pickaxe":3,"minecraft:chainmail_chestplate":1,"gamma_beasts:prehnite_sword":2,"minecraft:iron_sword":2,"gamma_beasts:prehnite_pickaxe":1,"minecraft:golden_axe":2},"minecraft:used":{"mowziesmobs:umvuthana_mask_fear":1,"minecraft:chest":4,"minecraft:iron_sword":795,"tombstone:scroll_of_purification":1,"minecraft:mutton":2,"gamma_beasts:prehnite_pickaxe":336,"minecraft:furnace":11,"minecraft:egg":1,"minecraft:stone_pickaxe":516,"minecraft:mangrove_planks":26,"minecraft:oak_planks":203,"minecraft:wooden_pickaxe":31,"minecraft:white_wool":1,"minecraft:golden_apple":9,"gamma_beasts:kiwi":1,"minecraft:cyan_bed":1,"minecraft:bread":151,"minecraft:gravel":4,"minecraft:coarse_dirt":2,"minecraft:stone_sword":32,"minecraft:spruce_planks":15,"minecraft:cooked_chicken":3,"minecraft:orange_bed":3,"minecraft:torch":146,"minecraft:dirt":18,"minecraft:barrel":1,"minecraft:beef":1,"tombstone:gift":6,"minecraft:cooked_beef":4,"minecraft:acacia_planks":54,"minecraft:cobbled_deepslate":413,"minecraft:golden_axe":64,"minecraft:wheat_seeds":28,"minecraft:water_bucket":17,"minecraft:glass_bottle":1,"minecraft:baked_potato":1,"minecraft:birch_boat":3,"gamma_beasts:prehnite_sword":541,"minecraft:crafting_table":11,"minecraft:painting":2,"minecraft:cake":2,"tombstone:bag_of_seeds":1,"gamma_beasts:prehnite_armor_leggings":1,"minecraft:iron_pickaxe":163,"tombstone:magic_scroll":14,"minecraft:stone_axe":57,"minecraft:cobblestone":180,"minecraft:potion":3,"minecraft:cooked_porkchop":11,"minecraft:bucket":17,"minecraft:pumpkin_pie":6,"alexsmobs:animal_dictionary":2},"minecraft:picked_up":{"minecraft:birch_door":2,"minecraft:iron_chestplate":2,"minecraft:wheat":30,"minecraft:chainmail_boots":1,"gamma_beasts:fur":11,"minecraft:potion":3,"minecraft:enchanted_book":3,"minecraft:golden_sword":2,"alexsmobs:gazelle_horn":2,"minecraft:string":58,"minecraft:raw_copper":38,"minecraft:cobbled_deepslate":563,"bosses_of_mass_destruction:soul_star":1,"minecraft:spruce_planks":3,"unusualprehistory:plant_fossil_item":8,"minecraft:iron_pickaxe":1,"gamma_beasts:prehnite_sword":1,"minecraft:furnace":8,"minecraft:torch":6,"minecraft:acacia_log":20,"minecraft:porkchop":25,"tombstone:grave_dust":16,"minecraft:orange_bed":3,"minecraft:stone_sword":3,"minecraft:cactus":19,"minecraft:rotten_flesh":70,"gamma_beasts:kiwi":1,"alexsmobs:emu_egg":5,"gamma_beasts:coal_nugget":14,"minecraft:cobblestone":336,"minecraft:birch_log":4,"minecraft:feather":40,"minecraft:andesite":7,"gamma_beasts:prehnite":42,"minecraft:tuff":1,"create:raw_zinc":11,"jeg:scrap":37,"smarter_mobs:spider_web":9,"minecraft:dirt":44,"minecraft:leather_boots":2,"minecraft:bone":97,"minecraft:chipped_anvil":1,"minecraft:acacia_planks":1,"minecraft:wheat_seeds":85,"minecraft:dark_oak_sign":9,"minecraft:oak_planks":5,"alexsmobs:animal_dictionary":1,"minecraft:cyan_bed":1,"minecraft:fermented_spider_eye":2,"minecraft:acacia_stairs":2,"minecraft:barrel":1,"minecraft:bundle":1,"minecraft:granite":14,"alexsmobs:tarantula_hawk_wing_fragment":1,"minecraft:golden_apple":1,"minecraft:bread":1,"minecraft:chainmail_helmet":2,"minecraft:oak_sapling":7,"minecraft:chorus_fruit":7,"minecraft:crafting_table":5,"minecraft:coarse_dirt":2,"minecraft:chicken":3,"minecraft:leather_leggings":3,"minecraft:wooden_pickaxe":1,"minecraft:gold_block":1,"minecraft:shield":1,"minecraft:flint_and_steel":1,"unusualprehistory:paleo_fossil":4,"minecraft:beef":6,"minecraft:chest":2,"minecraft:egg":1,"minecraft:raw_iron":19,"minecraft:stripped_mangrove_wood":11,"minecraft:carrot":2,"jeg:healing_talisman":2,"minecraft:arrow":91,"minecraft:pumpkin_pie":16,"minecraft:hay_block":124,"mowziesmobs:umvuthana_mask_bliss":3,"minecraft:saddle":1,"minecraft:gold_ingot":3,"minecraft:mutton":3,"minecraft:white_wool":1,"mowziesmobs:umvuthana_mask_fury":6,"minecraft:golden_carrot":6,"minecraft:tripwire_hook":2,"minecraft:leather":6,"minecraft:red_mushroom":1,"gamma_beasts:bird_thigh":2,"minecraft:oak_log":72,"minecraft:chainmail_chestplate":1,"minecraft:gunpowder":14,"gamma_beasts:prehnite_armor_boots":1,"tombstone:gift":2,"jeg:grenade":8,"mowziesmobs:umvuthana_mask_rage":3,"gamma_beasts:meat":2,"minecraft:iron_ingot":1,"tombstone:bag_of_seeds":2,"minecraft:glass_bottle":1,"jeg:tech_trash":2,"minecraft:acacia_sapling":1,"mowziesmobs:umvuthana_mask_misery":3,"minecraft:birch_boat":1,"minecraft:sweet_berries":35,"minecraft:spyglass":1,"minecraft:raw_iron_block":1,"minecraft:gravel":7,"minecraft:spruce_log":3,"minecraft:spider_eye":10,"gamma_beasts:prehnite_pickaxe":1,"alexsmobs:raw_catfish":6,"minecraft:stone_axe":1,"minecraft:iron_helmet":1,"minecraft:painting":3,"mowziesmobs:umvuthana_mask_fear":3,"tombstone:magic_scroll":6,"minecraft:coal":97},"minecraft:custom":{"minecraft:interact_with_crafting_table":27,"minecraft:open_barrel":136,"minecraft:eat_cake_slice":7,"minecraft:leave_game":11,"minecraft:time_since_death":197612,"minecraft:sprint_one_cm":1323835,"minecraft:drop":174,"minecraft:talked_to_villager":1,"minecraft:play_time":291314,"minecraft:deaths":1,"minecraft:jump":6738,"minecraft:walk_on_water_one_cm":62299,"minecraft:interact_with_furnace":45,"minecraft:sleep_in_bed":13,"minecraft:waystone_activated":2,"minecraft:damage_dealt":49476,"minecraft:player_kills":2,"minecraft:crouch_one_cm":31420,"tombstone:undead_killed":122,"minecraft:inspect_dispenser":1,"minecraft:mob_kills":274,"minecraft:damage_dealt_resisted":381,"minecraft:climb_one_cm":16467,"minecraft:walk_one_cm":802179,"minecraft:damage_dealt_absorbed":160,"minecraft:sneak_time":7036,"minecraft:walk_under_water_one_cm":88292,"minecraft:boat_one_cm":82743,"minecraft:interact_with_blast_furnace":3,"minecraft:total_world_time":291314,"tombstone:raider_killed":1,"minecraft:tune_noteblock":1,"minecraft:time_since_rest":53666,"minecraft:damage_taken":8622,"minecraft:damage_absorbed":363,"minecraft:swim_one_cm":144711,"minecraft:fly_one_cm":1457650,"minecraft:open_chest":134,"minecraft:fall_one_cm":154481},"minecraft:mined":{"create:deepslate_zinc_ore":11,"minecraft:spruce_planks":3,"gamma_beasts:spider_egg":2,"minecraft:granite":14,"minecraft:acacia_log":20,"minecraft:grass_block":4,"unusualprehistory:deepslate_fossil":4,"minecraft:spawner":7,"minecraft:raw_iron_block":1,"minecraft:cobbled_deepslate":14,"minecraft:iron_ore":6,"minecraft:fire":118,"minecraft:barrel":1,"minecraft:stripped_mangrove_wood":9,"minecraft:orange_bed":3,"minecraft:torch":1,"minecraft:chest":2,"minecraft:cobblestone":34,"minecraft:cyan_bed":1,"minecraft:oak_planks":4,"minecraft:wall_torch":3,"minecraft:birch_log":4,"minecraft:wheat":33,"minecraft:grass":33,"minecraft:oak_log":73,"minecraft:dirt":11,"minecraft:oak_leaves":16,"minecraft:deepslate":472,"minecraft:tuff":32,"minecraft:white_stained_glass":2,"minecraft:hay_block":133,"minecraft:furnace":8,"gamma_beasts:prehnite_ore":13,"minecraft:gold_block":1,"minecraft:deepslate_iron_ore":13,"minecraft:stone":268,"minecraft:acacia_leaves":1,"unusualprehistory:deepslate_plant_fossil":8,"jeg:scrap_ore":6,"smarter_mobs:spider_web":2,"minecraft:crafting_table":5,"minecraft:copper_ore":10,"jeg:deepslate_scrap_ore":8,"gamma_beasts:deepslate_prehnite_ore":28,"minecraft:coarse_dirt":2,"minecraft:spruce_log":3,"minecraft:coal_ore":60,"minecraft:gravel":5,"minecraft:cobweb":17,"minecraft:chipped_anvil":1},"minecraft:killed":{"minecraft:witch":1,"minecraft:spider":33,"minecraft:skeleton":58,"minecraft:chicken":3,"jeg:ghoul":1,"minecraft:pig":7,"minecraft:creeper":12,"minecraft:sheep":1,"minecraft:zombie":58,"alexsmobs:terrapin":3,"gamma_beasts:spider_a":1,"mowziesmobs:umvuthana_raptor":13,"minecraft:cow":3,"alexsmobs:tarantula_hawk":1,"alexsmobs:blue_jay":1,"gamma_beasts:spider_c":1,"gamma_beasts:dosmo_c":1,"minecraft:husk":2,"minecraft:frog":2,"mowziesmobs:umvuthana_follower_raptor":51,"minecraft:hoglin":1,"alexsmobs:emu":1,"alexsmobs:catfish":1,"alexsmobs:crocodile":2,"alexsmobs:gazelle":2,"minecraft:wither_skeleton":3,"gamma_beasts:dosmos_a":1,"minecraft:enderman":1},"minecraft:crafted":{"minecraft:oak_planks":288,"minecraft:birch_boat":2,"minecraft:cooked_chicken":3,"minecraft:chest":2,"minecraft:golden_axe":2,"gamma_beasts:prehnite_armor_boots":1,"minecraft:cooked_porkchop":11,"minecraft:crafting_table":7,"minecraft:spruce_planks":12,"minecraft:wooden_pickaxe":1,"minecraft:iron_helmet":1,"minecraft:birch_planks":16,"gamma_beasts:prehnite_armor_leggings":1,"minecraft:iron_pickaxe":1,"minecraft:stick":84,"minecraft:iron_ingot":28,"minecraft:stone_sword":2,"gamma_beasts:prehnite_pickaxe":2,"minecraft:raw_iron":9,"minecraft:furnace":3,"gamma_beasts:prehnite_sword":2,"minecraft:leather":11,"minecraft:stone_pickaxe":5,"minecraft:cooked_beef":5,"minecraft:iron_sword":2,"minecraft:mangrove_planks":44,"minecraft:bucket":1,"minecraft:stone_axe":1,"gamma_beasts:leather_saddle":3,"minecraft:bread":10,"minecraft:air":0,"minecraft:acacia_planks":80,"minecraft:torch":152},"minecraft:dropped":{"minecraft:porkchop":2,"minecraft:glass_bottle":3,"minecraft:diamond":6,"minecraft:crafting_table":1,"gamma_beasts:prehnite":13,"minecraft:leather":3,"minecraft:mangrove_planks":2,"minecraft:saddle":1,"minecraft:red_mushroom":1,"gamma_beasts:prehnite_armor_leggings":1,"minecraft:dirt":26,"mowziesmobs:umvuthana_mask_bliss":2,"minecraft:mutton":1,"gamma_beasts:prehnite_armor_boots":1,"minecraft:pumpkin_pie":4,"minecraft:fermented_spider_eye":1,"minecraft:bone":25,"minecraft:gravel":3,"minecraft:stone_axe":2,"alexsmobs:gazelle_horn":2,"minecraft:cobbled_deepslate":151,"alexsmobs:animal_dictionary":2,"minecraft:golden_chestplate":1,"minecraft:rotten_flesh":40,"minecraft:oak_planks":1,"minecraft:acacia_stairs":2,"smarter_mobs:spider_web":5,"minecraft:gunpowder":2,"minecraft:leather_boots":2,"minecraft:acacia_sapling":1,"minecraft:birch_door":2,"minecraft:leather_leggings":2,"minecraft:painting":1,"minecraft:arrow":34,"mowziesmobs:umvuthana_mask_fury":1,"minecraft:enchanted_book":1,"minecraft:bread":11,"minecraft:wheat_seeds":57,"gamma_beasts:coal_nugget":14,"minecraft:diamond_leggings":1,"minecraft:feather":19,"minecraft:cobblestone":73,"minecraft:granite":14,"gamma_beasts:prehnite_pickaxe":1,"minecraft:chainmail_helmet":1,"alexsmobs:raw_catfish":3,"minecraft:stick":2,"minecraft:diamond_horse_armor":1,"minecraft:torch":1,"tombstone:grave_dust":4,"minecraft:potion":1,"minecraft:cactus":16,"minecraft:tripwire_hook":1,"minecraft:bucket":1,"minecraft:acacia_planks":1,"minecraft:stone_sword":4,"minecraft:dark_oak_sign":9,"minecraft:raw_copper":1,"alexsmobs:tarantula_hawk_wing_fragment":1,"minecraft:tuff":1,"unusualprehistory:paleo_fossil":4,"minecraft:shield":1,"minecraft:bundle":1,"minecraft:andesite":7,"minecraft:golden_leggings":1,"minecraft:oak_sapling":13,"minecraft:golden_sword":4,"minecraft:spider_eye":10,"minecraft:stone_pickaxe":2,"minecraft:wooden_pickaxe":2}},"DataVersion":3465}