{"stats":{"minecraft:custom":{"minecraft:interact_with_crafting_table":40,"minecraft:open_barrel":169,"minecraft:eat_cake_slice":9,"minecraft:leave_game":15,"minecraft:time_since_death":62850,"minecraft:sprint_one_cm":1980840,"minecraft:drop":216,"minecraft:talked_to_villager":1,"minecraft:play_time":435244,"minecraft:deaths":2,"minecraft:jump":10564,"minecraft:walk_on_water_one_cm":92401,"minecraft:interact_with_furnace":48,"minecraft:sleep_in_bed":21,"minecraft:waystone_activated":2,"minecraft:damage_dealt":84879,"minecraft:player_kills":2,"minecraft:crouch_one_cm":41957,"tombstone:undead_killed":210,"minecraft:inspect_dispenser":1,"minecraft:horse_one_cm":6752,"minecraft:interact_with_anvil":2,"minecraft:mob_kills":453,"minecraft:damage_dealt_resisted":545,"minecraft:climb_one_cm":22817,"minecraft:walk_one_cm":1140206,"minecraft:damage_dealt_absorbed":719,"minecraft:sneak_time":9778,"minecraft:walk_under_water_one_cm":91951,"minecraft:boat_one_cm":82743,"minecraft:interact_with_blast_furnace":5,"minecraft:total_world_time":435244,"tombstone:raider_killed":1,"minecraft:tune_noteblock":1,"minecraft:time_since_rest":480,"minecraft:damage_absorbed":363,"minecraft:damage_taken":12271,"minecraft:trigger_trapped_chest":1,"minecraft:swim_one_cm":193567,"minecraft:fly_one_cm":2497284,"minecraft:open_chest":239,"minecraft:fall_one_cm":283155},"minecraft:killed_by":{"gamma_beasts:feathery_a":1},"minecraft:broken":{"minecraft:iron_boots":1,"minecraft:iron_chestplate":2,"minecraft:stone_pickaxe":3,"minecraft:chainmail_chestplate":1,"gamma_beasts:prehnite_sword":2,"minecraft:iron_sword":2,"gamma_beasts:prehnite_pickaxe":1,"minecraft:golden_axe":2},"minecraft:picked_up":{"minecraft:birch_door":2,"minecraft:iron_chestplate":2,"minecraft:wheat":30,"minecraft:chainmail_boots":1,"unusualprehistory:amber_shard":3,"minecraft:flower_pot":1,"gamma_beasts:fur":11,"minecraft:diamond_sword":1,"minecraft:potion":4,"minecraft:enchanted_book":3,"minecraft:golden_sword":4,"alexsmobs:gazelle_horn":2,"minecraft:string":85,"minecraft:raw_copper":38,"minecraft:red_nether_bricks":3,"minecraft:iron_leggings":1,"minecraft:cobbled_deepslate":566,"bosses_of_mass_destruction:soul_star":3,"minecraft:spruce_planks":3,"minecraft:calcite":6,"minecraft:rose_bush":1,"unusualprehistory:plant_fossil_item":11,"minecraft:iron_pickaxe":2,"gamma_beasts:prehnite_sword":1,"minecraft:smooth_quartz_stairs":1,"minecraft:furnace":8,"alexsmobs:leafcutter_ant_chamber":2,"gamma_beasts:jungle_leaf":7,"minecraft:acacia_log":20,"minecraft:torch":7,"minecraft:green_bed":8,"minecraft:porkchop":25,"tombstone:grave_dust":43,"minecraft:diorite":2,"minecraft:orange_bed":3,"minecraft:stone_sword":3,"minecraft:cactus":19,"minecraft:rotten_flesh":142,"gamma_beasts:kiwi":23,"alexsmobs:emu_egg":5,"gamma_beasts:coal_nugget":14,"gamma_beasts:golden_berries":1,"minecraft:cobblestone":398,"minecraft:birch_log":4,"minecraft:lilac":1,"minecraft:feather":54,"minecraft:andesite":25,"minecraft:potato":1,"gamma_beasts:prehnite":42,"minecraft:tuff":1,"create:raw_zinc":11,"jeg:scrap":37,"smarter_mobs:spider_web":10,"minecraft:dirt":92,"minecraft:leather_boots":2,"minecraft:bone":137,"minecraft:chipped_anvil":1,"minecraft:acacia_planks":1,"minecraft:bow":1,"minecraft:wheat_seeds":86,"minecraft:dark_oak_sign":9,"minecraft:cyan_candle":3,"minecraft:oak_planks":8,"alexsmobs:crocodile_egg":1,"minecraft:cyan_bed":1,"minecraft:fermented_spider_eye":2,"minecraft:acacia_stairs":2,"alexsmobs:animal_dictionary":1,"minecraft:barrel":1,"minecraft:bundle":2,"jeg:custom_smg":1,"minecraft:lever":1,"minecraft:granite":14,"alexsmobs:tarantula_hawk_wing_fragment":1,"minecraft:golden_apple":1,"minecraft:chainmail_helmet":5,"minecraft:bread":1,"alexsmobs:maggot":5,"minecraft:oak_sapling":7,"minecraft:chorus_fruit":7,"minecraft:coarse_dirt":3,"minecraft:crafting_table":5,"minecraft:azure_bluet":1,"minecraft:chicken":3,"minecraft:leather_leggings":6,"minecraft:wooden_pickaxe":1,"minecraft:gold_block":1,"minecraft:shield":5,"gamma_beasts:acacia_leaf":7,"minecraft:flint_and_steel":2,"unusualprehistory:paleo_fossil":4,"minecraft:beef":9,"minecraft:chest":3,"gamma_beasts:lemon":6,"minecraft:egg":1,"unusualprehistory:tar_fossil_item":7,"minecraft:raw_iron":25,"minecraft:stripped_mangrove_wood":18,"sophisticatedbackpacks:backpack":1,"minecraft:carrot":3,"alexsmobs:leafcutter_ant_pupa":1,"alexsmobs:crocodile_scute":2,"jeg:healing_talisman":2,"minecraft:arrow":134,"minecraft:pumpkin_pie":16,"minecraft:hay_block":124,"mowziesmobs:umvuthana_mask_bliss":6,"minecraft:saddle":1,"minecraft:gold_ingot":3,"minecraft:mutton":5,"minecraft:white_wool":2,"mowziesmobs:umvuthana_mask_fury":6,"minecraft:golden_carrot":6,"minecraft:tripwire_hook":2,"minecraft:leather":10,"minecraft:red_mushroom":1,"gamma_beasts:bird_thigh":2,"minecraft:oak_log":72,"minecraft:chainmail_chestplate":1,"minecraft:gunpowder":26,"gamma_beasts:prehnite_armor_boots":1,"tombstone:gift":2,"jeg:grenade":13,"minecraft:gray_carpet":2,"mowziesmobs:umvuthana_mask_rage":6,"gamma_beasts:meat":2,"minecraft:iron_ingot":2,"minecraft:cobweb":15,"tombstone:bag_of_seeds":2,"minecraft:glass_bottle":2,"mowziesmobs:umvuthana_mask_misery":3,"minecraft:acacia_sapling":1,"jeg:tech_trash":2,"minecraft:book":3,"minecraft:birch_boat":1,"minecraft:sweet_berries":35,"minecraft:spyglass":1,"minecraft:raw_iron_block":1,"minecraft:gravel":7,"minecraft:spruce_log":8,"minecraft:nether_brick_slab":3,"minecraft:spider_eye":17,"gamma_beasts:prehnite_pickaxe":1,"alexsmobs:raw_catfish":6,"jeg:ectoplasm":2,"minecraft:stone_axe":1,"minecraft:iron_helmet":1,"minecraft:painting":3,"mowziesmobs:umvuthana_mask_fear":7,"tombstone:magic_scroll":7,"unusualprehistory:amber_fossil":2,"minecraft:coal":98},"minecraft:dropped":{"minecraft:porkchop":2,"minecraft:glass_bottle":4,"minecraft:diamond":6,"minecraft:crafting_table":1,"gamma_beasts:acacia_leaf":7,"gamma_beasts:prehnite":13,"minecraft:leather":3,"jeg:grenade":2,"minecraft:mangrove_planks":2,"minecraft:saddle":1,"minecraft:red_mushroom":1,"gamma_beasts:prehnite_armor_leggings":1,"minecraft:dirt":27,"mowziesmobs:umvuthana_mask_bliss":2,"minecraft:mutton":1,"gamma_beasts:prehnite_armor_boots":1,"minecraft:pumpkin_pie":4,"minecraft:iron_pickaxe":1,"minecraft:fermented_spider_eye":1,"unusualprehistory:plant_fossil_item":3,"minecraft:bone":25,"minecraft:gravel":3,"minecraft:stone_axe":2,"mowziesmobs:umvuthana_mask_rage":3,"minecraft:lever":1,"alexsmobs:gazelle_horn":2,"minecraft:golden_chestplate":1,"alexsmobs:animal_dictionary":2,"minecraft:cobbled_deepslate":151,"minecraft:rotten_flesh":40,"minecraft:oak_planks":1,"gamma_beasts:kiwi":4,"minecraft:azure_bluet":1,"minecraft:acacia_stairs":2,"gamma_beasts:golden_berries":1,"smarter_mobs:spider_web":5,"minecraft:gunpowder":13,"minecraft:leather_boots":2,"minecraft:birch_door":2,"minecraft:acacia_sapling":1,"minecraft:leather_leggings":5,"minecraft:painting":1,"minecraft:arrow":34,"mowziesmobs:umvuthana_mask_fury":1,"minecraft:enchanted_book":1,"minecraft:bread":11,"minecraft:wheat_seeds":57,"gamma_beasts:coal_nugget":14,"minecraft:diamond_leggings":1,"minecraft:feather":21,"minecraft:cobblestone":73,"mowziesmobs:umvuthana_mask_fear":1,"minecraft:granite":14,"gamma_beasts:prehnite_pickaxe":1,"minecraft:chainmail_helmet":3,"minecraft:coal":1,"alexsmobs:raw_catfish":3,"minecraft:stick":2,"minecraft:cobweb":6,"minecraft:diamond_horse_armor":1,"jeg:custom_smg":1,"minecraft:torch":1,"tombstone:grave_dust":4,"minecraft:potion":1,"minecraft:iron_leggings":1,"minecraft:cactus":16,"minecraft:tripwire_hook":1,"minecraft:bucket":1,"minecraft:gray_carpet":2,"minecraft:acacia_planks":1,"alexsmobs:maggot":5,"minecraft:stone_sword":4,"minecraft:coarse_dirt":1,"minecraft:dark_oak_sign":9,"minecraft:raw_copper":1,"alexsmobs:tarantula_hawk_wing_fragment":1,"minecraft:tuff":1,"unusualprehistory:paleo_fossil":4,"minecraft:diamond_sword":1,"minecraft:shield":4,"minecraft:flower_pot":1,"minecraft:bundle":1,"minecraft:andesite":7,"minecraft:golden_leggings":1,"minecraft:oak_sapling":13,"minecraft:golden_sword":5,"minecraft:spider_eye":14,"minecraft:stone_pickaxe":2,"minecraft:wooden_pickaxe":2,"gamma_beasts:jungle_leaf":7},"minecraft:used":{"mowziesmobs:umvuthana_mask_fear":1,"minecraft:chest":9,"minecraft:iron_sword":795,"tombstone:scroll_of_purification":1,"minecraft:mutton":2,"gamma_beasts:prehnite_pickaxe":430,"jeg:grenade":1,"minecraft:furnace":11,"minecraft:egg":1,"minecraft:diorite":2,"minecraft:oak_planks":206,"minecraft:stone_pickaxe":516,"minecraft:mangrove_planks":38,"minecraft:wooden_pickaxe":31,"minecraft:white_wool":1,"minecraft:golden_apple":9,"minecraft:stripped_mangrove_wood":2,"minecraft:shears":41,"gamma_beasts:kiwi":2,"minecraft:bread":196,"minecraft:cyan_bed":1,"minecraft:gravel":4,"minecraft:diamond_sword":1270,"minecraft:andesite":18,"minecraft:coarse_dirt":2,"minecraft:stone_sword":32,"minecraft:spruce_planks":28,"minecraft:cooked_chicken":3,"minecraft:orange_bed":3,"minecraft:torch":147,"minecraft:dirt":65,"minecraft:chipped_anvil":1,"minecraft:barrel":1,"minecraft:beef":1,"tombstone:gift":7,"minecraft:cooked_beef":4,"minecraft:cobbled_deepslate":416,"minecraft:acacia_planks":54,"minecraft:golden_axe":64,"minecraft:calcite":6,"minecraft:wheat_seeds":28,"minecraft:water_bucket":17,"minecraft:glass_bottle":1,"minecraft:cyan_candle":3,"minecraft:baked_potato":47,"minecraft:birch_boat":3,"gamma_beasts:prehnite_sword":541,"minecraft:green_bed":7,"minecraft:crafting_table":12,"minecraft:painting":2,"minecraft:cake":2,"tombstone:bag_of_seeds":1,"minecraft:apple":1,"gamma_beasts:prehnite_armor_leggings":1,"minecraft:diamond_pickaxe":18,"minecraft:iron_pickaxe":163,"tombstone:magic_scroll":14,"minecraft:stone_axe":57,"minecraft:potion":4,"minecraft:cobblestone":195,"minecraft:cooked_porkchop":11,"minecraft:bucket":17,"minecraft:pumpkin_pie":7,"alexsmobs:animal_dictionary":2},"minecraft:crafted":{"minecraft:oak_planks":288,"gamma_beasts:spider_saddle":1,"minecraft:birch_boat":2,"minecraft:cooked_chicken":3,"minecraft:chest":6,"minecraft:golden_axe":2,"gamma_beasts:prehnite_armor_boots":1,"minecraft:cooked_porkchop":11,"minecraft:crafting_table":8,"minecraft:spruce_planks":32,"minecraft:wooden_pickaxe":1,"minecraft:iron_helmet":1,"minecraft:birch_planks":16,"gamma_beasts:prehnite_armor_leggings":1,"minecraft:stick":84,"minecraft:iron_ingot":28,"minecraft:iron_pickaxe":1,"minecraft:stone_sword":2,"minecraft:shears":1,"gamma_beasts:prehnite_pickaxe":2,"gamma_beasts:golden_berries":14,"minecraft:raw_iron":9,"gamma_beasts:book":1,"minecraft:furnace":3,"gamma_beasts:prehnite_sword":2,"minecraft:leather":11,"minecraft:stone_pickaxe":5,"minecraft:cooked_beef":5,"minecraft:diamond_sword":2,"minecraft:iron_sword":2,"minecraft:mangrove_planks":56,"minecraft:bucket":1,"minecraft:stone_axe":1,"gamma_beasts:leather_saddle":3,"minecraft:air":0,"minecraft:bread":10,"minecraft:acacia_planks":80,"minecraft:torch":152},"minecraft:killed":{"minecraft:witch":1,"minecraft:spider":61,"minecraft:skeleton":83,"alexsmobs:leafcutter_ant":2,"minecraft:chicken":3,"jeg:ghoul":1,"minecraft:pig":7,"minecraft:zombie_villager":1,"minecraft:creeper":22,"minecraft:sheep":2,"minecraft:zombie":94,"alexsmobs:terrapin":3,"gamma_beasts:spider_a":2,"alexsmobs:fly":1,"mowziesmobs:umvuthana_raptor":17,"minecraft:cow":5,"alexsmobs:tarantula_hawk":2,"alexsmobs:blue_jay":1,"gamma_beasts:spider_c":1,"gamma_beasts:dosmo_c":1,"minecraft:husk":28,"minecraft:frog":4,"mowziesmobs:umvuthana_follower_raptor":76,"minecraft:hoglin":1,"alexsmobs:emu":1,"alexsmobs:catfish":1,"alexsmobs:crocodile":3,"alexsmobs:elephant":1,"alexsmobs:gazelle":2,"unusualprehistory:sludge":1,"minecraft:wither_skeleton":3,"gamma_beasts:dosmos_a":1,"minecraft:enderman":1},"minecraft:mined":{"create:deepslate_zinc_ore":11,"minecraft:spruce_planks":3,"gamma_beasts:jungla_hoja_1":8,"minecraft:red_nether_bricks":3,"alexsmobs:leafcutter_anthill":1,"minecraft:jungle_leaves":3,"gamma_beasts:spider_egg":3,"unusualprehistory:stone_amber_ore":5,"minecraft:granite":14,"minecraft:acacia_log":20,"minecraft:grass_block":12,"unusualprehistory:deepslate_fossil":4,"unusualprehistory:plant_fossil":6,"minecraft:spawner":10,"minecraft:raw_iron_block":1,"minecraft:cobbled_deepslate":14,"minecraft:iron_ore":12,"minecraft:fire":118,"minecraft:barrel":1,"minecraft:stripped_mangrove_wood":11,"unusualprehistory:stone_tar_fossil":4,"minecraft:green_bed":8,"minecraft:orange_bed":3,"gamma_beasts:jungla_hoja":3,"minecraft:torch":1,"minecraft:calcite":6,"minecraft:chest":3,"minecraft:nether_brick_slab":1,"minecraft:cobblestone":42,"minecraft:cyan_bed":1,"minecraft:oak_planks":4,"minecraft:wall_torch":3,"minecraft:birch_log":4,"minecraft:wheat":33,"minecraft:lilac":1,"unusualprehistory:stone_fossil":1,"minecraft:grass":35,"minecraft:oak_log":73,"minecraft:dirt":24,"minecraft:oak_leaves":16,"minecraft:cyan_candle":1,"minecraft:deepslate":472,"minecraft:tuff":32,"minecraft:white_stained_glass":2,"alexsmobs:leafcutter_ant_chamber":3,"minecraft:hay_block":133,"minecraft:furnace":8,"gamma_beasts:prehnite_ore":13,"minecraft:andesite":2,"minecraft:gold_block":1,"gamma_beasts:acacia_hoja":10,"minecraft:bookshelf":1,"minecraft:deepslate_iron_ore":13,"minecraft:smooth_quartz_stairs":1,"minecraft:stone":322,"minecraft:acacia_leaves":1,"unusualprehistory:deepslate_plant_fossil":8,"jeg:scrap_ore":6,"smarter_mobs:spider_web":4,"minecraft:crafting_table":5,"gamma_beasts:acacia_hoja_1":7,"minecraft:rose_bush":1,"minecraft:copper_ore":12,"jeg:deepslate_scrap_ore":8,"gamma_beasts:deepslate_prehnite_ore":28,"minecraft:coarse_dirt":3,"minecraft:spruce_log":8,"unusualprehistory:tar":1,"minecraft:potted_azure_bluet":1,"minecraft:coal_ore":60,"minecraft:gravel":5,"minecraft:cobweb":33,"minecraft:chipped_anvil":1}},"DataVersion":3465}