{"stats":{"minecraft:killed":{"minecraft:pig":2,"minecraft:creeper":4,"minecraft:skeleton":4,"minecraft:zombie":5,"alexsmobs:terrapin":3,"minecraft:chicken":3,"alexsmobs:gazelle":1,"minecraft:cow":1},"minecraft:dropped":{"minecraft:gravel":3,"minecraft:wheat_seeds":54,"minecraft:stone_sword":4,"minecraft:cobbled_deepslate":84,"minecraft:raw_copper":1,"minecraft:tuff":1,"gamma_beasts:coal_nugget":11,"minecraft:cobblestone":72,"minecraft:oak_planks":1,"gamma_beasts:prehnite":1,"minecraft:leather":1,"minecraft:granite":14,"gamma_beasts:prehnite_pickaxe":1,"minecraft:acacia_stairs":2,"minecraft:stick":1,"minecraft:dirt":10,"minecraft:shield":1,"tombstone:grave_dust":2,"minecraft:stone_pickaxe":1,"minecraft:wooden_pickaxe":2},"minecraft:picked_up":{"mowziesmobs:umvuthana_mask_fury":1,"minecraft:crafting_table":4,"minecraft:wheat":30,"minecraft:feather":5,"minecraft:chicken":3,"minecraft:leather":1,"minecraft:wooden_pickaxe":1,"gamma_beasts:prehnite":25,"minecraft:tuff":1,"create:raw_zinc":11,"minecraft:oak_log":18,"minecraft:chainmail_chestplate":1,"jeg:scrap":26,"minecraft:shield":1,"minecraft:gunpowder":6,"alexsmobs:gazelle_horn":1,"minecraft:dirt":10,"minecraft:raw_copper":38,"minecraft:leather_boots":1,"minecraft:wheat_seeds":82,"unusualprehistory:paleo_fossil":4,"minecraft:cobbled_deepslate":479,"minecraft:beef":1,"unusualprehistory:plant_fossil_item":8,"minecraft:oak_planks":4,"jeg:tech_trash":2,"minecraft:furnace":2,"minecraft:raw_iron":19,"minecraft:torch":1,"minecraft:raw_iron_block":1,"minecraft:gravel":7,"minecraft:porkchop":5,"tombstone:grave_dust":2,"minecraft:acacia_stairs":2,"gamma_beasts:prehnite_pickaxe":1,"minecraft:orange_bed":1,"minecraft:stone_sword":2,"minecraft:arrow":2,"gamma_beasts:kiwi":1,"minecraft:granite":14,"alexsmobs:emu_egg":1,"gamma_beasts:coal_nugget":11,"mowziesmobs:umvuthana_mask_fear":1,"tombstone:magic_scroll":1,"minecraft:mutton":2,"minecraft:coal":40,"minecraft:cobblestone":266},"minecraft:crafted":{"minecraft:oak_planks":72,"minecraft:cooked_porkchop":5,"minecraft:crafting_table":4,"minecraft:wooden_pickaxe":1,"minecraft:cooked_chicken":3,"minecraft:furnace":3,"minecraft:stone_axe":1,"minecraft:bread":10,"minecraft:air":0,"gamma_beasts:prehnite_sword":2,"gamma_beasts:prehnite_armor_leggings":1,"minecraft:stick":40,"minecraft:iron_ingot":6,"minecraft:iron_pickaxe":1,"minecraft:stone_pickaxe":5,"minecraft:stone_sword":2,"minecraft:torch":56,"gamma_beasts:prehnite_pickaxe":2},"minecraft:custom":{"minecraft:interact_with_furnace":13,"minecraft:mob_kills":23,"minecraft:interact_with_crafting_table":14,"minecraft:leave_game":6,"minecraft:time_since_death":63359,"minecraft:time_since_rest":63359,"minecraft:waystone_activated":1,"minecraft:sprint_one_cm":136417,"minecraft:damage_taken":789,"minecraft:walk_one_cm":133639,"minecraft:drop":36,"minecraft:damage_dealt":3700,"minecraft:swim_one_cm":21209,"minecraft:talked_to_villager":1,"minecraft:fly_one_cm":328005,"minecraft:open_chest":1,"minecraft:crouch_one_cm":2228,"minecraft:play_time":63359,"tombstone:undead_killed":9,"minecraft:sneak_time":1088,"minecraft:walk_under_water_one_cm":4235,"minecraft:jump":915,"minecraft:walk_on_water_one_cm":4539,"minecraft:total_world_time":63359,"minecraft:fall_one_cm":16258},"minecraft:mined":{"create:deepslate_zinc_ore":11,"minecraft:tuff":32,"unusualprehistory:deepslate_plant_fossil":8,"jeg:scrap_ore":4,"minecraft:crafting_table":4,"minecraft:granite":14,"minecraft:grass_block":1,"unusualprehistory:deepslate_fossil":4,"minecraft:copper_ore":10,"minecraft:cobblestone":14,"minecraft:oak_planks":3,"minecraft:raw_iron_block":1,"gamma_beasts:deepslate_prehnite_ore":24,"jeg:deepslate_scrap_ore":8,"minecraft:furnace":2,"minecraft:cobbled_deepslate":6,"minecraft:iron_ore":6,"minecraft:wheat":33,"minecraft:grass":1,"minecraft:oak_log":17,"minecraft:coal_ore":42,"minecraft:deepslate_iron_ore":13,"minecraft:gravel":5,"minecraft:dirt":10,"minecraft:stone":250,"minecraft:oak_leaves":1,"minecraft:deepslate":469,"minecraft:orange_bed":1},"minecraft:used":{"minecraft:wheat_seeds":28,"minecraft:stone_sword":32,"mowziesmobs:umvuthana_mask_fear":1,"minecraft:stone_pickaxe":516,"minecraft:oak_planks":5,"gamma_beasts:prehnite_sword":29,"minecraft:wooden_pickaxe":31,"minecraft:cooked_chicken":3,"minecraft:torch":35,"minecraft:mutton":2,"minecraft:crafting_table":8,"gamma_beasts:prehnite_pickaxe":230,"gamma_beasts:prehnite_armor_leggings":1,"gamma_beasts:kiwi":1,"minecraft:bread":10,"minecraft:iron_pickaxe":162,"tombstone:magic_scroll":2,"minecraft:gravel":4,"minecraft:stone_axe":24,"minecraft:cobblestone":28,"minecraft:beef":1,"minecraft:cooked_porkchop":2,"minecraft:furnace":5,"alexsmobs:animal_dictionary":1,"minecraft:cobbled_deepslate":76},"minecraft:broken":{"minecraft:stone_pickaxe":3}},"DataVersion":3465}