{"stats":{"minecraft:broken":{"minecraft:chainmail_boots":1,"minecraft:golden_sword":1,"minecraft:chainmail_chestplate":1,"mowziesmobs:umvuthana_mask_fury":1,"minecraft:leather_boots":1},"minecraft:used":{"alexsmobs:emu_egg":2,"minecraft:stone_sword":140,"minecraft:acacia_log":3,"mowziesmobs:umvuthana_mask_misery":2,"mowziesmobs:umvuthana_mask_fear":1,"minecraft:poppy":2,"gamma_beasts:green_apple":14,"minecraft:iron_sword":162,"minecraft:cooked_chicken":4,"minecraft:orange_bed":9,"minecraft:torch":2,"minecraft:dirt":40,"minecraft:anvil":1,"minecraft:acacia_sapling":1,"minecraft:granite":9,"jeg:grenade":1,"minecraft:golden_sword":1,"mowziesmobs:umvuthana_mask_rage":2,"minecraft:bow":6,"minecraft:furnace":3,"tombstone:gift":6,"minecraft:egg":1,"minecraft:cobbled_deepslate":88,"minecraft:acacia_planks":8,"unusualprehistory:tar_bucket":5,"minecraft:wheat_seeds":180,"minecraft:cooked_mutton":5,"minecraft:water_bucket":80,"minecraft:diorite":5,"minecraft:stone_pickaxe":98,"minecraft:wooden_pickaxe":51,"minecraft:sandstone":32,"minecraft:sugar_cane":8,"minecraft:leather_boots":1,"minecraft:lime_terracotta":3,"minecraft:sand":19,"minecraft:crafting_table":12,"minecraft:blast_furnace":3,"minecraft:white_bed":3,"securitycraft:universal_block_remover":3,"securitycraft:furnace_mine":3,"smarter_mobs:spider_web":6,"gamma_beasts:kiwi":16,"minecraft:diamond_pickaxe":653,"minecraft:melon_slice":24,"minecraft:iron_pickaxe":108,"minecraft:bread":87,"minecraft:gravel":4,"jeg:scrap_workbench":1,"gamma_beasts:bird_thigh":1,"minecraft:stone_axe":3,"unusualprehistory:petrified_wood_log":1,"minecraft:diamond_sword":217,"minecraft:fishing_rod":4,"minecraft:cobblestone":141,"mowziesmobs:umvuthana_mask_fury":6,"minecraft:porkchop":4,"minecraft:cooked_porkchop":8,"minecraft:dandelion":1,"minecraft:bucket":85,"alexsmobs:animal_dictionary":2},"minecraft:picked_up":{"minecraft:crafting_table":7,"minecraft:wheat":148,"minecraft:chainmail_boots":1,"minecraft:chicken":4,"minecraft:diamond_sword":1,"minecraft:wooden_pickaxe":2,"securitycraft:furnace_mine":3,"minecraft:enchanted_book":2,"tombstone:grave_key":1,"minecraft:shield":1,"minecraft:golden_sword":1,"minecraft:string":19,"minecraft:red_bed":2,"minecraft:raw_copper":58,"gamma_beasts:acacia_leaf":2,"minecraft:cobbled_deepslate":96,"minecraft:beef":16,"unusualprehistory:plant_fossil_item":9,"minecraft:poppy":2,"minecraft:melon_slice":43,"minecraft:sugar_cane":36,"minecraft:furnace":1,"minecraft:egg":1,"minecraft:stick":2,"minecraft:raw_iron":62,"minecraft:sandstone":16,"minecraft:torch":1,"minecraft:acacia_log":16,"minecraft:porkchop":17,"tombstone:grave_dust":13,"minecraft:diorite":5,"minecraft:redstone":23,"minecraft:orange_bed":9,"minecraft:stone_sword":3,"minecraft:cactus":26,"minecraft:arrow":18,"minecraft:rotten_flesh":40,"gamma_beasts:kiwi":18,"mowziesmobs:umvuthana_mask_bliss":4,"alexsmobs:emu_egg":2,"gamma_beasts:coal_nugget":32,"minecraft:mutton":5,"minecraft:white_wool":4,"minecraft:cobblestone":165,"mowziesmobs:umvuthana_mask_fury":4,"minecraft:feather":29,"minecraft:salmon":2,"minecraft:leather":10,"gamma_beasts:prehnite":8,"gamma_beasts:bird_thigh":5,"minecraft:chainmail_chestplate":1,"create:raw_zinc":13,"gamma_beasts:green_apple":18,"gamma_beasts:oak_leaf":2,"jeg:scrap":89,"minecraft:gunpowder":13,"minecraft:lapis_lazuli":64,"minecraft:dirt":101,"smarter_mobs:spider_web":10,"minecraft:paper":9,"jeg:grenade":1,"minecraft:leather_boots":1,"minecraft:bone":9,"minecraft:acacia_planks":3,"mowziesmobs:umvuthana_mask_rage":1,"minecraft:bow":2,"minecraft:wheat_seeds":396,"minecraft:raw_gold":12,"minecraft:iron_ingot":5,"minecraft:acacia_sapling":1,"minecraft:iron_sword":1,"mowziesmobs:umvuthana_mask_misery":3,"jeg:tech_trash":13,"minecraft:dandelion":2,"minecraft:lime_terracotta":11,"unusualprehistory:petrified_wood_log":1,"minecraft:gravel":10,"minecraft:sand":16,"minecraft:blast_furnace":3,"minecraft:ink_sac":2,"minecraft:white_bed":3,"minecraft:spider_eye":3,"minecraft:diamond":8,"minecraft:granite":13,"minecraft:bread":10,"mowziesmobs:umvuthana_mask_fear":1,"alexsmobs:maggot":4,"tombstone:magic_scroll":1,"minecraft:oak_sapling":1,"unusualprehistory:amber_fossil":1,"minecraft:coal":81},"minecraft:killed_by":{"minecraft:player":2,"minecraft:skeleton":1,"minecraft:zombie":1},"minecraft:custom":{"minecraft:interact_with_anvil":1,"minecraft:mob_kills":149,"minecraft:interact_with_crafting_table":32,"minecraft:open_barrel":9,"minecraft:damage_dealt_resisted":345,"minecraft:leave_game":20,"minecraft:time_since_death":4913,"minecraft:climb_one_cm":7815,"minecraft:damage_resisted":51,"minecraft:sprint_one_cm":774493,"minecraft:walk_one_cm":712172,"minecraft:drop":101,"minecraft:talked_to_villager":2,"minecraft:play_time":237760,"minecraft:deaths":16,"minecraft:sneak_time":9039,"minecraft:walk_under_water_one_cm":49579,"minecraft:jump":9027,"minecraft:interact_with_blast_furnace":10,"minecraft:walk_on_water_one_cm":74440,"minecraft:total_world_time":237760,"minecraft:interact_with_furnace":47,"minecraft:sleep_in_bed":15,"minecraft:time_since_rest":2514,"minecraft:waystone_activated":1,"minecraft:damage_taken":10053,"tombstone:sneak_grave":12,"minecraft:damage_dealt":24656,"minecraft:swim_one_cm":209761,"minecraft:fly_one_cm":2669710,"minecraft:open_chest":43,"minecraft:crouch_one_cm":29939,"tombstone:undead_killed":43,"minecraft:fall_one_cm":286935},"minecraft:mined":{"create:zinc_ore":13,"minecraft:tuff":36,"minecraft:white_bed":1,"gamma_beasts:roble_hoja_1":1,"minecraft:deepslate_diamond_ore":8,"gamma_beasts:roblo_hoja":6,"unusualprehistory:stone_amber_ore":3,"minecraft:granite":13,"minecraft:acacia_log":15,"minecraft:grass_block":14,"unusualprehistory:plant_fossil":3,"minecraft:spawner":1,"minecraft:furnace":1,"minecraft:iron_ore":18,"minecraft:cobbled_deepslate":1,"gamma_beasts:prehnite_ore":8,"minecraft:deepslate_lapis_ore":11,"gamma_beasts:acacia_hoja":8,"minecraft:deepslate_iron_ore":44,"minecraft:stone":173,"minecraft:white_wool":2,"minecraft:orange_bed":9,"unusualprehistory:petrified_wood_log":1,"minecraft:deepslate_redstone_ore":5,"minecraft:acacia_leaves":1,"unusualprehistory:deepslate_plant_fossil":7,"smarter_mobs:spider_web":1,"jeg:scrap_ore":30,"minecraft:red_bed":2,"gamma_beasts:acacia_hoja_1":1,"minecraft:crafting_table":6,"minecraft:blast_furnace":3,"minecraft:melon":8,"minecraft:dead_bush":6,"minecraft:copper_ore":15,"minecraft:tall_grass":3,"minecraft:cobblestone":8,"minecraft:deepslate_gold_ore":5,"minecraft:sugar_cane":20,"jeg:deepslate_scrap_ore":20,"minecraft:cactus":6,"minecraft:wheat":154,"unusualprehistory:tar":14,"minecraft:grass":47,"minecraft:coal_ore":64,"minecraft:gravel":16,"minecraft:dirt":7,"minecraft:sand":14,"minecraft:gold_ore":7,"minecraft:acacia_planks":3,"unusualprehistory:splattered_tar":1,"minecraft:deepslate":371,"minecraft:oak_leaves":6,"minecraft:fern":3},"minecraft:killed":{"minecraft:spider":12,"minecraft:skeleton":7,"gamma_beasts:banndu_a":1,"minecraft:chicken":3,"gamma_beasts:dosmo_c":2,"minecraft:pig":6,"minecraft:zombie_villager":1,"minecraft:salmon":2,"minecraft:iron_golem":1,"mowziesmobs:umvuthana_follower_raptor":40,"minecraft:creeper":5,"minecraft:squid":1,"alexsmobs:emu":4,"minecraft:sheep":3,"alexsmobs:catfish":1,"minecraft:zombie":35,"alexsmobs:maned_wolf":1,"alexsmobs:fly":1,"gamma_beasts:dosmos_a":2,"mowziesmobs:umvuthana_raptor":10,"minecraft:cow":10},"minecraft:crafted":{"securitycraft:mine":3,"securitycraft:furnace_mine":1,"minecraft:fishing_rod":1,"minecraft:cooked_chicken":4,"minecraft:furnace":4,"gamma_beasts:prehnite_armor_chestplate":1,"minecraft:cooked_mutton":5,"jeg:scrap_workbench":1,"securitycraft:universal_block_remover":1,"minecraft:stone_pickaxe":2,"minecraft:diamond_sword":2,"minecraft:cooked_porkchop":8,"minecraft:crafting_table":5,"minecraft:wooden_pickaxe":2,"minecraft:iron_sword":3,"minecraft:stone_axe":1,"minecraft:air":0,"minecraft:bread":48,"jeg:scrap_block":1,"minecraft:diamond_pickaxe":2,"minecraft:stick":28,"minecraft:iron_ingot":13,"minecraft:iron_pickaxe":1,"minecraft:iron_block":3,"minecraft:stone_sword":2,"minecraft:anvil":1,"minecraft:white_bed":1,"minecraft:acacia_planks":52,"create:zinc_ingot":13,"minecraft:shears":1},"minecraft:dropped":{"minecraft:water_bucket":1,"minecraft:enchanted_book":2,"minecraft:iron_ingot":5,"minecraft:bread":8,"minecraft:iron_sword":2,"minecraft:wheat_seeds":161,"gamma_beasts:oak_leaf":2,"gamma_beasts:coal_nugget":32,"minecraft:lime_terracotta":8,"minecraft:feather":4,"minecraft:cobblestone":7,"mowziesmobs:umvuthana_mask_fear":1,"minecraft:leather":1,"minecraft:granite":4,"minecraft:saddle":1,"minecraft:dirt":65,"minecraft:red_bed":2,"mowziesmobs:umvuthana_mask_bliss":2,"tombstone:grave_key":2,"minecraft:map":6,"tombstone:grave_dust":13,"minecraft:amethyst_shard":6,"minecraft:sand":3,"minecraft:cactus":16,"minecraft:paper":9,"minecraft:fishing_rod":1,"minecraft:dandelion":1,"minecraft:bone":9,"minecraft:gravel":6,"minecraft:furnace":1,"minecraft:stone_axe":1,"alexsmobs:maggot":2,"mowziesmobs:umvuthana_mask_rage":1,"minecraft:stone_sword":5,"minecraft:cobbled_deepslate":8,"minecraft:wheat":4,"minecraft:rotten_flesh":32,"gamma_beasts:kiwi":2,"minecraft:white_bed":1,"smarter_mobs:spider_web":2,"gamma_beasts:green_apple":4,"minecraft:shield":1,"minecraft:gunpowder":1,"mowziesmobs:umvuthana_mask_misery":2,"minecraft:diamond_pickaxe":1,"artifacts:steadfast_spikes":1,"minecraft:oak_sapling":1,"minecraft:spider_eye":2,"minecraft:arrow":5,"minecraft:bow":1,"minecraft:stone_pickaxe":2,"minecraft:wooden_pickaxe":4,"gamma_beasts:bird_thigh":1,"mowziesmobs:umvuthana_mask_fury":1}},"DataVersion":3465}