{"stats":{"minecraft:custom":{"minecraft:interact_with_anvil":1,"minecraft:mob_kills":192,"minecraft:interact_with_crafting_table":34,"minecraft:open_barrel":9,"minecraft:damage_dealt_resisted":395,"minecraft:leave_game":23,"minecraft:time_since_death":12717,"minecraft:climb_one_cm":14220,"minecraft:damage_resisted":51,"minecraft:sprint_one_cm":1063306,"minecraft:walk_one_cm":886251,"minecraft:drop":121,"minecraft:damage_dealt_absorbed":80,"minecraft:talked_to_villager":6,"minecraft:play_time":315238,"minecraft:deaths":19,"minecraft:sneak_time":13665,"minecraft:walk_under_water_one_cm":75482,"minecraft:jump":12261,"minecraft:interact_with_blast_furnace":13,"minecraft:walk_on_water_one_cm":88355,"minecraft:total_world_time":315238,"minecraft:interact_with_furnace":50,"minecraft:sleep_in_bed":18,"minecraft:time_since_rest":10318,"minecraft:waystone_activated":2,"minecraft:damage_taken":13064,"tombstone:sneak_grave":12,"minecraft:damage_dealt":30432,"minecraft:player_kills":1,"minecraft:swim_one_cm":279183,"minecraft:fly_one_cm":3374908,"minecraft:open_chest":47,"minecraft:crouch_one_cm":43286,"tombstone:undead_killed":55,"minecraft:fall_one_cm":392558},"minecraft:mined":{"create:zinc_ore":13,"minecraft:tuff":36,"minecraft:white_bed":1,"gamma_beasts:roble_hoja_1":1,"minecraft:deepslate_diamond_ore":8,"gamma_beasts:roblo_hoja":6,"unusualprehistory:stone_amber_ore":3,"minecraft:obsidian":11,"minecraft:granite":13,"minecraft:acacia_log":17,"minecraft:grass_block":27,"unusualprehistory:plant_fossil":3,"minecraft:spawner":1,"minecraft:furnace":1,"minecraft:iron_ore":29,"minecraft:fire":1,"minecraft:cobbled_deepslate":1,"gamma_beasts:prehnite_ore":8,"minecraft:deepslate_lapis_ore":11,"gamma_beasts:acacia_hoja":8,"minecraft:deepslate_iron_ore":44,"minecraft:stone":234,"minecraft:white_wool":2,"minecraft:orange_bed":11,"unusualprehistory:petrified_wood_log":1,"minecraft:deepslate_redstone_ore":5,"minecraft:acacia_leaves":2,"unusualprehistory:deepslate_plant_fossil":7,"smarter_mobs:spider_web":2,"jeg:scrap_ore":36,"minecraft:red_bed":2,"minecraft:stone_brick_slab":1,"gamma_beasts:acacia_hoja_1":1,"minecraft:crafting_table":6,"minecraft:blast_furnace":3,"minecraft:melon":8,"minecraft:dead_bush":6,"minecraft:copper_ore":15,"minecraft:tall_grass":3,"minecraft:cobblestone":8,"minecraft:deepslate_gold_ore":5,"minecraft:sugar_cane":21,"minecraft:wall_torch":1,"jeg:deepslate_scrap_ore":20,"minecraft:cactus":6,"minecraft:coarse_dirt":5,"minecraft:wheat":154,"unusualprehistory:tar":14,"minecraft:grass":48,"minecraft:coal_ore":90,"minecraft:gravel":16,"minecraft:dirt":15,"minecraft:sand":14,"minecraft:gold_ore":7,"minecraft:acacia_planks":3,"minecraft:netherrack":3,"unusualprehistory:splattered_tar":1,"minecraft:deepslate":371,"minecraft:oak_leaves":11,"minecraft:fern":3},"minecraft:picked_up":{"minecraft:coarse_dirt":2,"minecraft:crafting_table":7,"minecraft:wheat":148,"minecraft:chainmail_boots":1,"minecraft:chicken":4,"minecraft:diamond_sword":1,"minecraft:wooden_pickaxe":2,"securitycraft:furnace_mine":3,"minecraft:oak_stairs":1,"minecraft:enchanted_book":2,"tombstone:grave_key":1,"minecraft:golden_sword":1,"minecraft:shield":1,"minecraft:string":20,"minecraft:red_bed":2,"minecraft:raw_copper":58,"gamma_beasts:acacia_leaf":2,"minecraft:cobbled_deepslate":96,"minecraft:beef":24,"unusualprehistory:plant_fossil_item":9,"minecraft:poppy":2,"minecraft:melon_slice":43,"minecraft:sugar_cane":38,"minecraft:egg":2,"minecraft:furnace":1,"minecraft:raw_iron":73,"minecraft:stick":2,"minecraft:sandstone":16,"minecraft:torch":3,"minecraft:acacia_log":18,"minecraft:porkchop":17,"tombstone:grave_dust":13,"minecraft:diorite":5,"minecraft:redstone":25,"minecraft:orange_bed":11,"minecraft:stone_sword":3,"minecraft:cactus":26,"minecraft:arrow":19,"minecraft:rotten_flesh":40,"gamma_beasts:kiwi":18,"alexsmobs:emu_egg":2,"mowziesmobs:umvuthana_mask_bliss":4,"gamma_beasts:coal_nugget":38,"minecraft:mutton":5,"minecraft:obsidian":11,"minecraft:white_wool":4,"minecraft:cobblestone":226,"mowziesmobs:umvuthana_mask_fury":5,"minecraft:feather":39,"minecraft:salmon":2,"minecraft:leather":14,"gamma_beasts:prehnite":8,"gamma_beasts:bird_thigh":5,"gamma_beasts:green_apple":18,"create:raw_zinc":13,"minecraft:chainmail_chestplate":2,"gamma_beasts:oak_leaf":2,"jeg:scrap":102,"minecraft:gunpowder":16,"minecraft:lapis_lazuli":64,"smarter_mobs:spider_web":13,"minecraft:dirt":126,"minecraft:paper":9,"jeg:grenade":3,"minecraft:leather_boots":1,"minecraft:bone":10,"minecraft:acacia_planks":3,"mowziesmobs:umvuthana_mask_rage":1,"minecraft:bow":2,"minecraft:wheat_seeds":396,"minecraft:raw_gold":12,"minecraft:iron_ingot":5,"mowziesmobs:umvuthana_mask_misery":3,"minecraft:iron_sword":1,"minecraft:acacia_sapling":1,"jeg:tech_trash":14,"minecraft:cooked_porkchop":1,"securitycraft:dirt_mine":1,"minecraft:dandelion":2,"unusualprehistory:petrified_wood_log":1,"minecraft:lime_terracotta":11,"minecraft:gravel":10,"minecraft:sand":16,"minecraft:ink_sac":2,"minecraft:blast_furnace":3,"minecraft:white_bed":3,"minecraft:spider_eye":4,"minecraft:diamond":8,"minecraft:granite":13,"minecraft:bread":74,"mowziesmobs:umvuthana_mask_fear":2,"alexsmobs:maggot":4,"tombstone:magic_scroll":1,"minecraft:oak_sapling":1,"unusualprehistory:amber_fossil":1,"minecraft:coal":106,"minecraft:ender_pearl":1},"minecraft:used":{"alexsmobs:emu_egg":2,"minecraft:acacia_log":3,"minecraft:stone_sword":140,"mowziesmobs:umvuthana_mask_misery":2,"mowziesmobs:umvuthana_mask_fear":3,"minecraft:poppy":2,"gamma_beasts:green_apple":14,"minecraft:iron_sword":162,"minecraft:cooked_chicken":4,"minecraft:orange_bed":11,"minecraft:torch":4,"minecraft:dirt":65,"minecraft:anvil":1,"minecraft:acacia_sapling":1,"minecraft:granite":9,"jeg:grenade":3,"minecraft:lava_bucket":7,"minecraft:oak_stairs":1,"minecraft:golden_sword":1,"mowziesmobs:umvuthana_mask_rage":2,"minecraft:bow":6,"minecraft:beef":16,"securitycraft:dirt_mine":1,"minecraft:furnace":4,"tombstone:gift":6,"minecraft:egg":2,"minecraft:cobbled_deepslate":88,"minecraft:acacia_planks":8,"unusualprehistory:tar_bucket":5,"minecraft:wheat_seeds":180,"minecraft:cooked_mutton":5,"minecraft:water_bucket":93,"minecraft:diorite":5,"minecraft:stone_pickaxe":98,"minecraft:wooden_pickaxe":51,"minecraft:sandstone":32,"minecraft:sugar_cane":8,"minecraft:leather_boots":1,"minecraft:lime_terracotta":3,"minecraft:sand":19,"minecraft:crafting_table":14,"minecraft:white_bed":3,"minecraft:blast_furnace":3,"smarter_mobs:spider_web":9,"securitycraft:universal_block_remover":4,"securitycraft:furnace_mine":3,"gamma_beasts:kiwi":16,"minecraft:diamond_pickaxe":774,"minecraft:iron_pickaxe":108,"minecraft:melon_slice":38,"minecraft:bread":122,"minecraft:gravel":4,"jeg:scrap_workbench":1,"gamma_beasts:bird_thigh":1,"minecraft:stone_axe":3,"unusualprehistory:petrified_wood_log":1,"minecraft:diamond_sword":327,"minecraft:fishing_rod":4,"minecraft:cobblestone":192,"mowziesmobs:umvuthana_mask_fury":7,"minecraft:porkchop":4,"minecraft:cooked_porkchop":9,"minecraft:dandelion":1,"minecraft:coarse_dirt":4,"alexsmobs:animal_dictionary":2,"minecraft:bucket":106},"minecraft:killed_by":{"minecraft:player":2,"minecraft:skeleton":1,"minecraft:zombie":1},"minecraft:crafted":{"securitycraft:mine":3,"securitycraft:furnace_mine":1,"minecraft:fishing_rod":1,"minecraft:cooked_chicken":4,"minecraft:furnace":5,"gamma_beasts:prehnite_armor_chestplate":1,"minecraft:cooked_mutton":5,"jeg:scrap_workbench":1,"tombstone:grave_key":1,"securitycraft:universal_block_remover":1,"minecraft:stone_pickaxe":2,"minecraft:diamond_sword":2,"minecraft:cooked_porkchop":8,"minecraft:crafting_table":7,"minecraft:wooden_pickaxe":2,"minecraft:iron_sword":3,"minecraft:copper_ingot":90,"minecraft:stone_axe":1,"minecraft:bread":48,"minecraft:air":0,"jeg:scrap_block":1,"securitycraft:dirt_mine":2,"minecraft:diamond_pickaxe":2,"minecraft:stick":28,"minecraft:iron_ingot":13,"minecraft:iron_pickaxe":1,"minecraft:iron_block":3,"minecraft:stone_sword":2,"minecraft:anvil":1,"minecraft:white_bed":1,"minecraft:acacia_planks":60,"create:zinc_ingot":13,"minecraft:shears":1},"minecraft:broken":{"minecraft:chainmail_boots":1,"minecraft:golden_sword":1,"minecraft:chainmail_chestplate":1,"mowziesmobs:umvuthana_mask_fury":1,"minecraft:leather_boots":1},"minecraft:killed":{"minecraft:spider":16,"minecraft:skeleton":10,"gamma_beasts:banndu_a":1,"minecraft:chicken":3,"gamma_beasts:dosmo_c":2,"minecraft:pig":7,"minecraft:zombie_villager":1,"minecraft:salmon":2,"minecraft:iron_golem":1,"mowziesmobs:umvuthana_follower_raptor":54,"minecraft:creeper":8,"minecraft:squid":1,"alexsmobs:emu":4,"minecraft:sheep":3,"alexsmobs:catfish":1,"minecraft:zombie":44,"alexsmobs:maned_wolf":1,"alexsmobs:fly":1,"gamma_beasts:dosmos_a":2,"mowziesmobs:umvuthana_raptor":12,"minecraft:cow":15},"minecraft:dropped":{"minecraft:enchanted_book":2,"minecraft:water_bucket":1,"minecraft:iron_ingot":5,"minecraft:bread":37,"minecraft:iron_sword":2,"minecraft:wheat_seeds":225,"gamma_beasts:oak_leaf":2,"gamma_beasts:coal_nugget":38,"minecraft:lime_terracotta":8,"minecraft:feather":14,"minecraft:cobblestone":7,"mowziesmobs:umvuthana_mask_fear":1,"minecraft:leather":1,"minecraft:granite":4,"minecraft:saddle":1,"minecraft:copper_ingot":90,"minecraft:dirt":65,"minecraft:red_bed":2,"mowziesmobs:umvuthana_mask_bliss":2,"tombstone:grave_key":2,"minecraft:melon_slice":5,"minecraft:map":6,"tombstone:grave_dust":13,"minecraft:amethyst_shard":6,"minecraft:sand":3,"minecraft:cactus":26,"minecraft:paper":9,"minecraft:fishing_rod":1,"minecraft:dandelion":1,"minecraft:bone":10,"minecraft:gravel":6,"minecraft:furnace":1,"minecraft:stone_axe":1,"alexsmobs:maggot":2,"mowziesmobs:umvuthana_mask_rage":1,"minecraft:stone_sword":5,"minecraft:cobbled_deepslate":8,"minecraft:wheat":4,"minecraft:rotten_flesh":32,"gamma_beasts:kiwi":2,"minecraft:white_bed":1,"smarter_mobs:spider_web":2,"gamma_beasts:green_apple":4,"minecraft:chainmail_chestplate":1,"minecraft:shield":1,"minecraft:gunpowder":1,"mowziesmobs:umvuthana_mask_misery":2,"minecraft:diamond_pickaxe":1,"artifacts:steadfast_spikes":1,"minecraft:oak_sapling":1,"minecraft:spider_eye":2,"minecraft:arrow":12,"minecraft:bow":1,"minecraft:stone_pickaxe":2,"minecraft:wooden_pickaxe":4,"gamma_beasts:bird_thigh":1,"mowziesmobs:umvuthana_mask_fury":3}},"DataVersion":3465}