{"stats":{"minecraft:picked_up":{"minecraft:sand":14},"minecraft:custom":{"minecraft:jump":122,"minecraft:time_since_rest":3565,"minecraft:crouch_one_cm":273,"minecraft:leave_game":1,"minecraft:sprint_one_cm":6620,"minecraft:play_time":3565,"minecraft:time_since_death":3565,"minecraft:walk_one_cm":10376,"minecraft:sneak_time":52,"minecraft:total_world_time":3565,"minecraft:fall_one_cm":2984,"minecraft:fly_one_cm":24548},"minecraft:mined":{"minecraft:dead_bush":3,"minecraft:sand":14},"minecraft:used":{"minecraft:sand":14}},"DataVersion":3465}