{"stats":{"minecraft:killed":{"minecraft:pig":1,"minecraft:spider":2,"minecraft:iron_golem":1,"mowziesmobs:umvuthana_follower_raptor":18,"minecraft:skeleton":2,"minecraft:sheep":3,"minecraft:zombie":7,"alexsmobs:maned_wolf":1,"alexsmobs:fly":1,"gamma_beasts:dosmo_c":1,"gamma_beasts:dosmos_a":1,"mowziesmobs:umvuthana_raptor":6},"minecraft:dropped":{"minecraft:bread":8,"minecraft:furnace":1,"minecraft:stone_axe":1,"alexsmobs:maggot":2,"minecraft:wheat_seeds":57,"minecraft:stone_sword":2,"minecraft:lime_terracotta":8,"minecraft:rotten_flesh":3,"mowziesmobs:umvuthana_mask_fear":1,"gamma_beasts:kiwi":2,"minecraft:saddle":1,"minecraft:red_bed":2,"minecraft:shield":1,"minecraft:gunpowder":1,"mowziesmobs:umvuthana_mask_misery":1,"mowziesmobs:umvuthana_mask_bliss":2,"artifacts:steadfast_spikes":1,"minecraft:arrow":1,"minecraft:stone_pickaxe":1,"minecraft:wooden_pickaxe":4,"gamma_beasts:bird_thigh":1},"minecraft:picked_up":{"mowziesmobs:umvuthana_mask_fury":1,"minecraft:crafting_table":6,"minecraft:wheat":30,"minecraft:feather":7,"minecraft:wooden_pickaxe":2,"gamma_beasts:bird_thigh":2,"minecraft:chainmail_chestplate":1,"minecraft:shield":1,"minecraft:gunpowder":3,"minecraft:dirt":10,"smarter_mobs:spider_web":3,"minecraft:string":6,"minecraft:red_bed":2,"minecraft:raw_copper":4,"gamma_beasts:acacia_leaf":2,"minecraft:bone":4,"minecraft:bow":1,"minecraft:wheat_seeds":88,"minecraft:iron_ingot":5,"minecraft:poppy":1,"minecraft:sugar_cane":12,"minecraft:acacia_sapling":1,"mowziesmobs:umvuthana_mask_misery":2,"minecraft:furnace":1,"minecraft:stick":2,"minecraft:raw_iron":1,"minecraft:sandstone":16,"minecraft:torch":1,"minecraft:acacia_log":15,"minecraft:lime_terracotta":11,"minecraft:sand":14,"tombstone:grave_dust":2,"minecraft:blast_furnace":2,"minecraft:white_bed":2,"minecraft:orange_bed":7,"minecraft:stone_sword":1,"minecraft:arrow":1,"minecraft:rotten_flesh":8,"gamma_beasts:kiwi":8,"mowziesmobs:umvuthana_mask_bliss":2,"gamma_beasts:coal_nugget":11,"mowziesmobs:umvuthana_mask_fear":1,"alexsmobs:maggot":2,"minecraft:mutton":5,"minecraft:coal":64,"minecraft:white_wool":3,"minecraft:cobblestone":46},"minecraft:crafted":{"minecraft:fishing_rod":1,"minecraft:crafting_table":4,"minecraft:wooden_pickaxe":2,"minecraft:iron_sword":2,"minecraft:furnace":2,"minecraft:stone_axe":1,"minecraft:bread":10,"minecraft:cooked_mutton":5,"minecraft:air":0,"minecraft:stick":16,"minecraft:iron_ingot":1,"minecraft:iron_pickaxe":1,"minecraft:stone_pickaxe":1,"minecraft:stone_sword":2,"minecraft:white_bed":1,"minecraft:acacia_planks":48},"minecraft:custom":{"minecraft:interact_with_furnace":7,"minecraft:mob_kills":44,"minecraft:interact_with_crafting_table":15,"minecraft:damage_dealt_resisted":79,"minecraft:leave_game":15,"minecraft:time_since_death":57903,"minecraft:sleep_in_bed":10,"minecraft:climb_one_cm":2439,"minecraft:time_since_rest":12594,"minecraft:waystone_activated":1,"minecraft:sprint_one_cm":216223,"minecraft:damage_taken":2886,"minecraft:walk_one_cm":201463,"tombstone:sneak_grave":12,"minecraft:drop":31,"minecraft:damage_dealt":6965,"minecraft:swim_one_cm":33740,"minecraft:talked_to_villager":2,"minecraft:fly_one_cm":944192,"minecraft:open_chest":10,"minecraft:crouch_one_cm":9156,"minecraft:play_time":74906,"minecraft:sneak_time":3278,"tombstone:undead_killed":9,"minecraft:deaths":5,"minecraft:walk_under_water_one_cm":4718,"minecraft:jump":2421,"minecraft:interact_with_blast_furnace":6,"minecraft:walk_on_water_one_cm":12136,"minecraft:total_world_time":74906,"minecraft:fall_one_cm":79494},"minecraft:mined":{"minecraft:acacia_leaves":1,"minecraft:white_bed":1,"minecraft:red_bed":2,"minecraft:crafting_table":5,"minecraft:blast_furnace":2,"minecraft:acacia_log":15,"minecraft:grass_block":5,"minecraft:dead_bush":3,"minecraft:copper_ore":1,"minecraft:tall_grass":3,"minecraft:sugar_cane":7,"minecraft:furnace":1,"minecraft:iron_ore":1,"minecraft:wheat":31,"unusualprehistory:tar":14,"minecraft:grass":24,"gamma_beasts:acacia_hoja":3,"minecraft:coal_ore":43,"minecraft:sand":14,"minecraft:stone":41,"minecraft:orange_bed":7},"minecraft:used":{"minecraft:cooked_mutton":5,"minecraft:wheat_seeds":31,"minecraft:water_bucket":1,"minecraft:stone_sword":116,"minecraft:acacia_log":3,"mowziesmobs:umvuthana_mask_fear":1,"minecraft:stone_pickaxe":57,"minecraft:poppy":1,"minecraft:wooden_pickaxe":51,"minecraft:sandstone":32,"minecraft:iron_sword":24,"minecraft:orange_bed":7,"minecraft:lime_terracotta":3,"minecraft:dirt":17,"minecraft:sand":14,"minecraft:crafting_table":9,"minecraft:blast_furnace":1,"minecraft:white_bed":3,"minecraft:acacia_sapling":1,"gamma_beasts:kiwi":5,"minecraft:bread":35,"gamma_beasts:bird_thigh":1,"minecraft:fishing_rod":2,"minecraft:stone_axe":3,"minecraft:cobblestone":4,"mowziesmobs:umvuthana_mask_fury":1,"minecraft:furnace":2,"tombstone:gift":5,"minecraft:bucket":6,"minecraft:acacia_planks":5,"unusualprehistory:tar_bucket":5},"minecraft:killed_by":{"minecraft:skeleton":1}},"DataVersion":3465}