{"stats":{"minecraft:dropped":{"minecraft:wheat_seeds":3},"minecraft:killed":{"minecraft:sheep":3},"minecraft:picked_up":{"minecraft:stick":2,"minecraft:wheat_seeds":3,"minecraft:acacia_log":15,"minecraft:sand":14,"gamma_beasts:coal_nugget":4,"minecraft:coal":17,"minecraft:mutton":5,"minecraft:acacia_sapling":1,"minecraft:white_wool":3,"minecraft:cobblestone":4},"minecraft:crafted":{"minecraft:acacia_planks":48,"minecraft:crafting_table":1,"minecraft:wooden_pickaxe":1},"minecraft:custom":{"minecraft:time_since_rest":8565,"minecraft:crouch_one_cm":2143,"minecraft:sprint_one_cm":14617,"minecraft:play_time":8565,"minecraft:damage_taken":20,"minecraft:walk_one_cm":21032,"minecraft:sneak_time":869,"minecraft:mob_kills":3,"minecraft:drop":1,"minecraft:jump":264,"minecraft:damage_dealt":240,"minecraft:leave_game":1,"minecraft:time_since_death":8565,"minecraft:total_world_time":8565,"minecraft:interact_with_crafting_table":1,"minecraft:fall_one_cm":7328,"minecraft:fly_one_cm":43313},"minecraft:used":{"minecraft:crafting_table":1,"minecraft:sand":14,"minecraft:acacia_log":3,"minecraft:acacia_sapling":1,"minecraft:wooden_pickaxe":22},"minecraft:mined":{"minecraft:grass":10,"minecraft:acacia_log":15,"minecraft:coal_ore":17,"minecraft:acacia_leaves":1,"minecraft:dead_bush":3,"minecraft:sand":14,"minecraft:tall_grass":3,"minecraft:stone":5}},"DataVersion":3465}