{"stats":{"minecraft:custom":{"minecraft:interact_with_crafting_table":98,"minecraft:open_barrel":22,"minecraft:leave_game":28,"minecraft:time_since_death":47601,"minecraft:damage_resisted":51,"minecraft:sprint_one_cm":1592322,"minecraft:drop":244,"minecraft:talked_to_villager":33,"minecraft:play_time":567081,"minecraft:deaths":24,"minecraft:jump":18926,"minecraft:walk_on_water_one_cm":109564,"minecraft:enchant_item":6,"minecraft:interact_with_furnace":163,"minecraft:traded_with_villager":47,"minecraft:interact_with_loom":4,"minecraft:sleep_in_bed":29,"minecraft:waystone_activated":2,"tombstone:sneak_grave":12,"minecraft:damage_dealt":55253,"minecraft:player_kills":2,"minecraft:crouch_one_cm":102173,"tombstone:undead_killed":147,"minecraft:interact_with_smoker":17,"minecraft:interact_with_anvil":9,"minecraft:mob_kills":337,"minecraft:damage_dealt_resisted":472,"minecraft:climb_one_cm":21310,"minecraft:walk_one_cm":1716427,"minecraft:damage_dealt_absorbed":240,"minecraft:sneak_time":29925,"minecraft:walk_under_water_one_cm":103096,"minecraft:interact_with_blast_furnace":22,"minecraft:total_world_time":567081,"minecraft:time_since_rest":36257,"minecraft:damage_absorbed":160,"minecraft:damage_taken":18355,"minecraft:swim_one_cm":301945,"minecraft:fly_one_cm":4524787,"minecraft:open_chest":50,"minecraft:fall_one_cm":594375},"minecraft:killed_by":{"minecraft:zombie":2,"minecraft:player":2,"minecraft:skeleton":1},"minecraft:broken":{"mowziesmobs:umvuthana_mask_fear":1,"minecraft:chainmail_boots":1,"minecraft:chainmail_chestplate":1,"minecraft:golden_sword":1,"mowziesmobs:umvuthana_mask_fury":2,"minecraft:diamond_pickaxe":1,"minecraft:chainmail_leggings":1,"minecraft:leather_boots":1},"minecraft:picked_up":{"minecraft:wheat":148,"minecraft:chainmail_boots":1,"minecraft:anvil":2,"minecraft:diamond_sword":1,"minecraft:oak_stairs":1,"minecraft:potion":1,"minecraft:enchanted_book":3,"tombstone:grave_key":1,"minecraft:golden_sword":2,"minecraft:string":36,"minecraft:raw_copper":58,"create:mechanical_press":1,"minecraft:gold_nugget":11,"minecraft:cobbled_deepslate":549,"bosses_of_mass_destruction:soul_star":1,"unusualprehistory:plant_fossil_item":10,"minecraft:melon_slice":43,"minecraft:furnace":7,"minecraft:stick":4,"minecraft:torch":3,"minecraft:acacia_log":20,"create:andesite_casing":1,"minecraft:porkchop":22,"tombstone:grave_dust":23,"minecraft:diorite":39,"minecraft:orange_bed":18,"minecraft:stone_sword":4,"minecraft:cactus":26,"minecraft:rotten_flesh":101,"create:ochrum":10,"gamma_beasts:kiwi":18,"alexsmobs:emu_egg":2,"gamma_beasts:coal_nugget":80,"minecraft:obsidian":27,"minecraft:snowball":14,"minecraft:cobblestone":811,"minecraft:enchanting_table":2,"minecraft:leather_chestplate":3,"minecraft:feather":44,"minecraft:andesite":48,"minecraft:black_bed":3,"minecraft:smoker":2,"gamma_beasts:prehnite":22,"minecraft:potato":44,"alexsmobs:bear_fur":1,"minecraft:flint":5,"create:raw_zinc":15,"gamma_beasts:oak_leaf":2,"jeg:scrap":145,"smarter_mobs:spider_web":13,"minecraft:lapis_lazuli":238,"minecraft:dirt":839,"minecraft:leather_boots":2,"minecraft:bone":29,"minecraft:acacia_planks":22,"minecraft:bow":7,"minecraft:wheat_seeds":410,"minecraft:raw_gold":51,"create:shaft":7,"minecraft:fletching_table":2,"minecraft:oak_planks":126,"minecraft:cooked_porkchop":1,"securitycraft:dirt_mine":1,"create:cogwheel":1,"unusualprehistory:petrified_wood_log":1,"minecraft:lime_terracotta":11,"minecraft:sand":16,"minecraft:ink_sac":2,"minecraft:grass_block":2,"minecraft:mossy_cobblestone":1,"minecraft:diamond":44,"minecraft:granite":55,"minecraft:chainmail_helmet":1,"minecraft:bread":74,"alexsmobs:maggot":6,"minecraft:oak_sapling":12,"minecraft:netherrack":65,"minecraft:coarse_dirt":16,"minecraft:cocoa_beans":8,"minecraft:crafting_table":10,"minecraft:chicken":9,"minecraft:wooden_pickaxe":2,"securitycraft:furnace_mine":3,"minecraft:shield":1,"minecraft:oak_trapdoor":4,"minecraft:red_bed":4,"gamma_beasts:acacia_leaf":2,"minecraft:beef":29,"minecraft:iron_nugget":16,"minecraft:poppy":2,"minecraft:sugar_cane":85,"minecraft:birch_sapling":1,"minecraft:egg":9,"minecraft:raw_iron":187,"minecraft:sandstone":16,"minecraft:fire_charge":1,"minecraft:redstone":55,"minecraft:tnt":6,"minecraft:arrow":44,"minecraft:beetroot_seeds":3,"alexscaves:spelunkery_table":1,"mowziesmobs:umvuthana_mask_bliss":4,"minecraft:gold_ingot":68,"minecraft:mutton":11,"minecraft:white_wool":7,"mowziesmobs:umvuthana_mask_fury":5,"create:iron_sheet":1,"minecraft:salmon":2,"minecraft:leather":33,"gamma_beasts:bird_thigh":5,"minecraft:oak_log":281,"gamma_beasts:green_apple":18,"minecraft:chainmail_chestplate":3,"minecraft:gunpowder":32,"minecraft:paper":88,"jeg:grenade":7,"minecraft:apple":2,"mowziesmobs:umvuthana_mask_rage":1,"minecraft:acacia_trapdoor":1,"minecraft:iron_ingot":9,"tombstone:bag_of_seeds":2,"mowziesmobs:umvuthana_mask_misery":3,"minecraft:iron_sword":1,"minecraft:acacia_sapling":1,"jeg:tech_trash":22,"minecraft:book":1,"minecraft:quartz":11,"minecraft:dandelion":2,"minecraft:gravel":59,"minecraft:amethyst_shard":10,"minecraft:blast_furnace":5,"minecraft:white_bed":3,"minecraft:spruce_log":1,"minecraft:crying_obsidian":13,"minecraft:spider_eye":6,"minecraft:chainmail_leggings":1,"minecraft:iron_helmet":1,"minecraft:diamond_axe":1,"minecraft:gray_wool":1,"mowziesmobs:umvuthana_mask_fear":2,"tombstone:magic_scroll":2,"unusualprehistory:amber_fossil":1,"minecraft:coal":493,"minecraft:ender_pearl":8},"minecraft:dropped":{"minecraft:iron_sword":2,"minecraft:oak_log":1,"minecraft:ender_pearl":2,"minecraft:diamond":3,"minecraft:lime_terracotta":8,"minecraft:leather":20,"minecraft:saddle":1,"minecraft:dirt":105,"minecraft:red_bed":2,"mowziesmobs:umvuthana_mask_bliss":2,"minecraft:snowball":14,"minecraft:gold_nugget":11,"minecraft:amethyst_shard":14,"minecraft:sand":3,"minecraft:fishing_rod":1,"minecraft:bone":27,"minecraft:gold_ingot":95,"minecraft:gravel":31,"minecraft:stone_axe":1,"minecraft:sugar_cane":3,"mowziesmobs:umvuthana_mask_rage":1,"minecraft:iron_nugget":16,"minecraft:cobbled_deepslate":8,"minecraft:birch_sapling":1,"minecraft:wheat":4,"minecraft:obsidian":3,"minecraft:rotten_flesh":73,"minecraft:oak_planks":60,"gamma_beasts:kiwi":2,"minecraft:white_bed":1,"smarter_mobs:spider_web":2,"minecraft:chainmail_chestplate":2,"minecraft:leather_chestplate":3,"minecraft:gunpowder":1,"minecraft:beetroot_seeds":3,"minecraft:melon_seeds":4,"minecraft:arrow":12,"minecraft:crying_obsidian":8,"minecraft:enchanting_table":1,"mowziesmobs:umvuthana_mask_fury":3,"minecraft:egg":4,"minecraft:water_bucket":1,"minecraft:enchanted_book":3,"minecraft:iron_ingot":74,"minecraft:bread":37,"minecraft:wheat_seeds":230,"gamma_beasts:oak_leaf":2,"minecraft:mossy_cobblestone":1,"gamma_beasts:coal_nugget":44,"minecraft:iron_helmet":1,"minecraft:feather":19,"minecraft:cobblestone":21,"mowziesmobs:umvuthana_mask_fear":1,"minecraft:granite":9,"minecraft:copper_ingot":90,"minecraft:chainmail_helmet":1,"minecraft:coal":8,"minecraft:gray_wool":1,"minecraft:diorite":20,"tombstone:grave_key":2,"minecraft:melon_slice":5,"minecraft:cooked_salmon":9,"minecraft:map":6,"minecraft:fire_charge":1,"tombstone:grave_dust":13,"minecraft:cactus":26,"minecraft:paper":94,"minecraft:string":7,"minecraft:acacia_planks":2,"minecraft:dandelion":1,"minecraft:redstone":55,"minecraft:furnace":1,"alexsmobs:maggot":3,"minecraft:coarse_dirt":4,"minecraft:stone_sword":5,"minecraft:cocoa_beans":8,"gamma_beasts:green_apple":4,"minecraft:potato":6,"minecraft:shield":1,"mowziesmobs:umvuthana_mask_misery":2,"minecraft:diamond_pickaxe":1,"artifacts:steadfast_spikes":1,"minecraft:oak_sapling":1,"minecraft:golden_sword":1,"minecraft:spider_eye":5,"minecraft:bow":4,"minecraft:stone_pickaxe":2,"minecraft:wooden_pickaxe":4,"gamma_beasts:bird_thigh":1},"minecraft:crafted":{"securitycraft:mine":3,"minecraft:smooth_stone":3,"minecraft:oak_planks":1112,"minecraft:cooked_chicken":8,"minecraft:stone":3,"minecraft:diamond_shovel":1,"minecraft:bookshelf":3,"gamma_beasts:prehnite_armor_chestplate":1,"minecraft:cooked_mutton":11,"minecraft:diamond_helmet":1,"create:mechanical_press":1,"tombstone:grave_key":2,"minecraft:chest":1,"create:cogwheel":3,"minecraft:oak_slab":6,"gamma_beasts:prehnite_armor_boots":1,"sophisticatedbackpacks:backpack":1,"minecraft:emerald":44,"minecraft:cooked_porkchop":10,"minecraft:diamond_axe":2,"minecraft:crafting_table":10,"minecraft:spruce_planks":4,"minecraft:wooden_pickaxe":2,"minecraft:baked_potato":55,"minecraft:copper_ingot":90,"minecraft:fletching_table":2,"minecraft:lectern":1,"minecraft:book":7,"minecraft:paper":42,"minecraft:diamond_pickaxe":3,"create:water_wheel":3,"gamma_beasts:prehnite_armor_leggings":1,"sophisticatedbackpacks:diamond_backpack":1,"minecraft:stick":2044,"minecraft:iron_ingot":133,"minecraft:iron_pickaxe":1,"minecraft:iron_block":7,"minecraft:stone_sword":2,"minecraft:gold_ingot":39,"minecraft:shears":1,"securitycraft:furnace_mine":1,"minecraft:fishing_rod":1,"minecraft:iron_nugget":36,"minecraft:furnace":7,"minecraft:blast_furnace":1,"minecraft:bone_meal":15,"minecraft:oak_trapdoor":8,"minecraft:flint_and_steel":1,"jeg:scrap_workbench":1,"securitycraft:universal_block_remover":1,"minecraft:stone_pickaxe":2,"sophisticatedbackpacks:iron_backpack":1,"gamma_beasts:cooked_bird_thigh":3,"minecraft:cooked_beef":5,"create:andesite_alloy":10,"minecraft:diamond_sword":2,"minecraft:enchanting_table":2,"minecraft:iron_sword":3,"minecraft:acacia_trapdoor":4,"minecraft:cooked_salmon":30,"sophisticatedbackpacks:gold_backpack":1,"minecraft:stone_axe":1,"minecraft:enchanted_book":1,"minecraft:bread":48,"minecraft:air":0,"jeg:scrap_block":1,"securitycraft:dirt_mine":2,"minecraft:anvil":2,"minecraft:white_bed":1,"create:shaft":8,"minecraft:acacia_planks":68,"create:zinc_ingot":13},"minecraft:used":{"alexsmobs:emu_egg":2,"mowziesmobs:umvuthana_mask_fear":3,"minecraft:poppy":2,"minecraft:iron_sword":162,"create:cogwheel":6,"minecraft:acacia_sapling":1,"jeg:grenade":4,"minecraft:obsidian":11,"minecraft:lava_bucket":8,"minecraft:grass_block":2,"minecraft:golden_sword":1,"mowziesmobs:umvuthana_mask_rage":2,"minecraft:bow":13,"minecraft:oak_sapling":6,"minecraft:furnace":11,"minecraft:beetroot_seeds":3,"minecraft:egg":4,"minecraft:potato":36,"minecraft:oak_planks":31,"minecraft:diorite":5,"minecraft:stone_pickaxe":98,"minecraft:ender_pearl":1,"minecraft:acacia_trapdoor":5,"minecraft:sandstone":32,"minecraft:wooden_pickaxe":51,"minecraft:sugar_cane":12,"minecraft:diamond_axe":283,"minecraft:sand":19,"minecraft:blast_furnace":6,"securitycraft:universal_block_remover":4,"minecraft:black_bed":2,"gamma_beasts:kiwi":16,"minecraft:melon_slice":38,"minecraft:bread":122,"minecraft:lectern":1,"tombstone:grave_key":1,"minecraft:gravel":8,"gamma_beasts:bird_thigh":1,"minecraft:diamond_sword":774,"minecraft:coarse_dirt":15,"minecraft:bone_meal":15,"minecraft:oak_trapdoor":12,"minecraft:enchanting_table":3,"minecraft:stone_sword":152,"minecraft:acacia_log":3,"mowziesmobs:umvuthana_mask_misery":2,"minecraft:flint_and_steel":1,"gamma_beasts:green_apple":14,"minecraft:cooked_salmon":21,"minecraft:cooked_chicken":8,"minecraft:netherrack":62,"minecraft:orange_bed":18,"minecraft:torch":23,"minecraft:dirt":436,"minecraft:anvil":4,"minecraft:granite":16,"minecraft:oak_stairs":1,"alexscaves:spelunkery_table":1,"minecraft:beef":22,"securitycraft:dirt_mine":1,"tombstone:gift":7,"minecraft:cooked_beef":5,"minecraft:cobbled_deepslate":160,"minecraft:acacia_planks":8,"unusualprehistory:tar_bucket":5,"minecraft:wheat_seeds":182,"minecraft:cooked_mutton":11,"minecraft:water_bucket":146,"minecraft:baked_potato":50,"minecraft:fletching_table":4,"minecraft:leather_boots":1,"minecraft:salmon":4,"minecraft:lime_terracotta":3,"minecraft:tnt":3,"minecraft:crafting_table":20,"minecraft:red_bed":2,"securitycraft:furnace_mine":3,"minecraft:white_bed":3,"smarter_mobs:spider_web":9,"bosses_of_mass_destruction:soul_star":1,"minecraft:smoker":2,"tombstone:bag_of_seeds":2,"minecraft:oak_log":2,"minecraft:diamond_pickaxe":2518,"minecraft:diamond_shovel":1004,"create:mechanical_press":2,"minecraft:iron_pickaxe":108,"tombstone:magic_scroll":1,"create:water_wheel":3,"gamma_beasts:cooked_bird_thigh":3,"jeg:scrap_workbench":1,"minecraft:stone_axe":3,"unusualprehistory:petrified_wood_log":1,"minecraft:fishing_rod":4,"minecraft:cobblestone":560,"minecraft:porkchop":4,"minecraft:cooked_porkchop":11,"mowziesmobs:umvuthana_mask_fury":8,"minecraft:bucket":160,"alexsmobs:animal_dictionary":2,"minecraft:dandelion":1},"minecraft:killed":{"minecraft:zombified_piglin":30,"minecraft:spider":24,"minecraft:skeleton":36,"gamma_beasts:banndu_a":1,"minecraft:chicken":7,"minecraft:silverfish":1,"minecraft:pig":9,"alexsmobs:grizzly_bear":1,"minecraft:zombie_villager":1,"minecraft:salmon":2,"minecraft:iron_golem":1,"minecraft:creeper":18,"alexsmobs:crimson_mosquito":1,"minecraft:sheep":7,"minecraft:zombie":80,"alexsmobs:maned_wolf":1,"alexsmobs:fly":2,"mowziesmobs:umvuthana_raptor":12,"minecraft:cow":17,"alexsmobs:raccoon":1,"gamma_beasts:dosmo_c":2,"mowziesmobs:umvuthana_follower_raptor":54,"minecraft:squid":1,"alexsmobs:emu":4,"alexsmobs:catfish":1,"gamma_beasts:dosmos_a":2,"minecraft:enderman":6},"minecraft:mined":{"minecraft:white_bed":1,"create:deepslate_zinc_ore":1,"gamma_beasts:roble_hoja_1":1,"create:andesite_casing":1,"unusualprehistory:stone_amber_ore":3,"minecraft:obsidian":23,"minecraft:granite":50,"minecraft:acacia_log":19,"minecraft:grass_block":492,"unusualprehistory:deepslate_opal_ore":1,"unusualprehistory:plant_fossil":8,"minecraft:spawner":1,"minecraft:tall_seagrass":1,"minecraft:iron_ore":108,"minecraft:cobbled_deepslate":1,"minecraft:fire":1,"minecraft:anvil":2,"minecraft:fletching_table":2,"minecraft:deepslate_lapis_ore":19,"minecraft:enchanting_table":2,"create:mechanical_press":1,"minecraft:orange_bed":18,"minecraft:deepslate_redstone_ore":12,"create:cogwheel":1,"minecraft:amethyst_cluster":1,"minecraft:red_bed":4,"minecraft:smoker":2,"minecraft:blast_furnace":5,"minecraft:melon":8,"minecraft:dead_bush":6,"minecraft:nether_quartz_ore":2,"minecraft:cobblestone":35,"minecraft:oak_planks":2,"minecraft:sugar_cane":42,"minecraft:wall_torch":1,"minecraft:wheat":154,"minecraft:tnt":6,"minecraft:black_bed":2,"minecraft:grass":76,"minecraft:oak_log":263,"minecraft:sand":14,"minecraft:dirt":551,"minecraft:netherrack":81,"unusualprehistory:splattered_tar":1,"minecraft:oak_leaves":27,"minecraft:deepslate":846,"create:zinc_ore":14,"alexscaves:spelunkery_table":1,"minecraft:diamond_ore":6,"minecraft:tuff":69,"minecraft:mossy_cobblestone":1,"minecraft:deepslate_diamond_ore":38,"gamma_beasts:roblo_hoja":6,"create:ochrum":10,"minecraft:oak_trapdoor":4,"minecraft:furnace":7,"minecraft:acacia_trapdoor":1,"gamma_beasts:prehnite_ore":8,"minecraft:andesite":48,"gamma_beasts:acacia_hoja":8,"minecraft:potatoes":9,"minecraft:deepslate_iron_ore":79,"minecraft:stone":810,"minecraft:white_wool":2,"unusualprehistory:petrified_wood_log":1,"minecraft:acacia_leaves":2,"unusualprehistory:deepslate_plant_fossil":7,"smarter_mobs:spider_web":2,"jeg:scrap_ore":53,"minecraft:soul_sand":1,"minecraft:stone_brick_slab":1,"minecraft:crafting_table":9,"gamma_beasts:acacia_hoja_1":1,"minecraft:copper_ore":15,"minecraft:tall_grass":3,"minecraft:deepslate_coal_ore":11,"minecraft:deepslate_gold_ore":40,"minecraft:lapis_ore":3,"minecraft:diorite":34,"gamma_beasts:deepslate_prehnite_ore":14,"jeg:deepslate_scrap_ore":28,"minecraft:cactus":6,"minecraft:coarse_dirt":10,"minecraft:spruce_log":1,"minecraft:birch_leaves":1,"unusualprehistory:tar":14,"minecraft:coal_ore":199,"minecraft:gravel":46,"minecraft:acacia_planks":3,"minecraft:gold_ore":13,"minecraft:infested_stone":1,"minecraft:fern":3}},"DataVersion":3465}