{"stats":{"minecraft:picked_up":{"minecraft:anvil":1,"minecraft:wheat":148,"minecraft:chainmail_boots":1,"minecraft:diamond_sword":1,"minecraft:oak_stairs":1,"minecraft:enchanted_book":2,"tombstone:grave_key":1,"minecraft:golden_sword":1,"minecraft:string":33,"minecraft:raw_copper":58,"minecraft:cobbled_deepslate":549,"bosses_of_mass_destruction:soul_star":1,"unusualprehistory:plant_fossil_item":10,"minecraft:melon_slice":43,"minecraft:furnace":5,"minecraft:stick":2,"minecraft:torch":3,"minecraft:acacia_log":20,"minecraft:porkchop":17,"tombstone:grave_dust":20,"minecraft:diorite":39,"minecraft:orange_bed":16,"minecraft:stone_sword":3,"minecraft:cactus":26,"minecraft:rotten_flesh":74,"create:ochrum":10,"gamma_beasts:kiwi":18,"alexsmobs:emu_egg":2,"gamma_beasts:coal_nugget":80,"minecraft:obsidian":22,"minecraft:snowball":14,"minecraft:cobblestone":609,"minecraft:enchanting_table":1,"minecraft:leather_chestplate":1,"minecraft:feather":44,"minecraft:andesite":48,"minecraft:black_bed":3,"alexsmobs:bear_fur":1,"minecraft:smoker":1,"gamma_beasts:prehnite":22,"minecraft:potato":43,"minecraft:flint":2,"create:raw_zinc":15,"gamma_beasts:oak_leaf":2,"jeg:scrap":142,"minecraft:lapis_lazuli":188,"smarter_mobs:spider_web":13,"minecraft:dirt":736,"minecraft:leather_boots":1,"minecraft:bone":24,"minecraft:acacia_planks":22,"minecraft:bow":6,"minecraft:wheat_seeds":407,"minecraft:raw_gold":51,"minecraft:oak_planks":1,"minecraft:cooked_porkchop":1,"securitycraft:dirt_mine":1,"minecraft:lime_terracotta":11,"unusualprehistory:petrified_wood_log":1,"minecraft:sand":16,"minecraft:ink_sac":2,"minecraft:grass_block":2,"minecraft:mossy_cobblestone":1,"minecraft:diamond":44,"minecraft:granite":47,"minecraft:chainmail_helmet":1,"minecraft:bread":74,"alexsmobs:maggot":5,"minecraft:oak_sapling":1,"minecraft:netherrack":62,"minecraft:cocoa_beans":6,"minecraft:coarse_dirt":16,"minecraft:crafting_table":8,"minecraft:chicken":9,"minecraft:wooden_pickaxe":2,"securitycraft:furnace_mine":3,"minecraft:shield":1,"minecraft:red_bed":2,"gamma_beasts:acacia_leaf":2,"minecraft:beef":29,"minecraft:poppy":2,"minecraft:sugar_cane":54,"minecraft:egg":9,"minecraft:raw_iron":187,"minecraft:sandstone":16,"minecraft:redstone":55,"minecraft:tnt":3,"minecraft:arrow":35,"minecraft:beetroot_seeds":3,"alexscaves:spelunkery_table":1,"mowziesmobs:umvuthana_mask_bliss":4,"minecraft:mutton":11,"minecraft:white_wool":7,"mowziesmobs:umvuthana_mask_fury":5,"minecraft:salmon":2,"minecraft:leather":18,"gamma_beasts:bird_thigh":5,"gamma_beasts:green_apple":18,"minecraft:oak_log":4,"minecraft:chainmail_chestplate":3,"minecraft:gunpowder":28,"minecraft:paper":9,"jeg:grenade":4,"mowziesmobs:umvuthana_mask_rage":1,"minecraft:iron_ingot":5,"tombstone:bag_of_seeds":1,"mowziesmobs:umvuthana_mask_misery":3,"minecraft:iron_sword":1,"minecraft:acacia_sapling":1,"jeg:tech_trash":22,"minecraft:dandelion":2,"minecraft:gravel":20,"minecraft:blast_furnace":3,"minecraft:white_bed":3,"minecraft:spruce_log":1,"minecraft:spider_eye":5,"minecraft:chainmail_leggings":1,"minecraft:gray_wool":1,"mowziesmobs:umvuthana_mask_fear":2,"tombstone:magic_scroll":1,"unusualprehistory:amber_fossil":1,"minecraft:coal":408,"minecraft:ender_pearl":4},"minecraft:killed":{"minecraft:spider":22,"minecraft:skeleton":27,"gamma_beasts:banndu_a":1,"minecraft:chicken":7,"minecraft:silverfish":1,"minecraft:pig":7,"alexsmobs:grizzly_bear":1,"minecraft:zombie_villager":1,"minecraft:salmon":2,"minecraft:iron_golem":1,"minecraft:creeper":15,"minecraft:sheep":7,"minecraft:zombie":73,"alexsmobs:maned_wolf":1,"alexsmobs:fly":1,"mowziesmobs:umvuthana_raptor":12,"minecraft:cow":17,"alexsmobs:raccoon":1,"gamma_beasts:dosmo_c":2,"mowziesmobs:umvuthana_follower_raptor":54,"minecraft:squid":1,"alexsmobs:emu":4,"alexsmobs:catfish":1,"gamma_beasts:dosmos_a":2,"minecraft:enderman":4},"minecraft:killed_by":{"minecraft:zombie":1,"minecraft:player":2,"minecraft:skeleton":1},"minecraft:dropped":{"minecraft:iron_sword":2,"minecraft:diamond":3,"minecraft:lime_terracotta":8,"minecraft:leather":9,"minecraft:saddle":1,"minecraft:dirt":71,"minecraft:red_bed":2,"mowziesmobs:umvuthana_mask_bliss":2,"minecraft:snowball":14,"minecraft:amethyst_shard":6,"minecraft:sand":3,"minecraft:fishing_rod":1,"minecraft:bone":26,"minecraft:gravel":9,"minecraft:stone_axe":1,"minecraft:sugar_cane":2,"mowziesmobs:umvuthana_mask_rage":1,"minecraft:cobbled_deepslate":8,"minecraft:wheat":4,"minecraft:rotten_flesh":66,"gamma_beasts:kiwi":2,"minecraft:white_bed":1,"smarter_mobs:spider_web":2,"minecraft:chainmail_chestplate":2,"minecraft:gunpowder":1,"minecraft:beetroot_seeds":3,"minecraft:arrow":12,"minecraft:enchanting_table":1,"mowziesmobs:umvuthana_mask_fury":3,"minecraft:egg":4,"minecraft:water_bucket":1,"minecraft:enchanted_book":2,"minecraft:iron_ingot":5,"minecraft:bread":37,"minecraft:wheat_seeds":227,"gamma_beasts:oak_leaf":2,"minecraft:mossy_cobblestone":1,"gamma_beasts:coal_nugget":44,"minecraft:feather":16,"minecraft:cobblestone":7,"mowziesmobs:umvuthana_mask_fear":1,"minecraft:granite":4,"minecraft:copper_ingot":90,"minecraft:chainmail_helmet":1,"minecraft:coal":8,"minecraft:diorite":20,"tombstone:grave_key":2,"minecraft:melon_slice":5,"minecraft:cooked_salmon":9,"minecraft:map":6,"tombstone:grave_dust":13,"minecraft:cactus":26,"minecraft:paper":9,"minecraft:string":4,"minecraft:acacia_planks":2,"minecraft:dandelion":1,"minecraft:furnace":1,"alexsmobs:maggot":3,"minecraft:coarse_dirt":4,"minecraft:stone_sword":5,"minecraft:cocoa_beans":6,"gamma_beasts:green_apple":4,"minecraft:potato":6,"minecraft:shield":1,"mowziesmobs:umvuthana_mask_misery":2,"minecraft:diamond_pickaxe":1,"artifacts:steadfast_spikes":1,"minecraft:oak_sapling":1,"minecraft:spider_eye":4,"minecraft:bow":3,"minecraft:stone_pickaxe":2,"minecraft:wooden_pickaxe":4,"gamma_beasts:bird_thigh":1},"minecraft:mined":{"create:deepslate_zinc_ore":1,"gamma_beasts:roble_hoja_1":1,"minecraft:white_bed":1,"unusualprehistory:stone_amber_ore":3,"minecraft:obsidian":23,"minecraft:granite":47,"minecraft:acacia_log":19,"minecraft:grass_block":468,"unusualprehistory:deepslate_opal_ore":1,"unusualprehistory:plant_fossil":8,"minecraft:spawner":1,"minecraft:iron_ore":108,"minecraft:cobbled_deepslate":1,"minecraft:fire":1,"minecraft:anvil":1,"minecraft:deepslate_lapis_ore":19,"minecraft:enchanting_table":1,"minecraft:orange_bed":16,"minecraft:deepslate_redstone_ore":12,"minecraft:red_bed":2,"minecraft:smoker":1,"minecraft:blast_furnace":3,"minecraft:melon":8,"minecraft:dead_bush":6,"minecraft:nether_quartz_ore":2,"minecraft:cobblestone":18,"minecraft:sugar_cane":26,"minecraft:oak_planks":1,"minecraft:wall_torch":1,"minecraft:wheat":154,"minecraft:tnt":3,"minecraft:black_bed":2,"minecraft:grass":64,"minecraft:oak_log":4,"minecraft:sand":14,"minecraft:dirt":495,"minecraft:netherrack":69,"unusualprehistory:splattered_tar":1,"minecraft:oak_leaves":12,"minecraft:deepslate":846,"create:zinc_ore":14,"alexscaves:spelunkery_table":1,"minecraft:diamond_ore":6,"minecraft:tuff":69,"minecraft:mossy_cobblestone":1,"minecraft:deepslate_diamond_ore":38,"gamma_beasts:roblo_hoja":6,"create:ochrum":10,"minecraft:furnace":5,"gamma_beasts:prehnite_ore":8,"minecraft:andesite":48,"gamma_beasts:acacia_hoja":8,"minecraft:potatoes":9,"minecraft:deepslate_iron_ore":79,"minecraft:stone":620,"minecraft:white_wool":2,"unusualprehistory:petrified_wood_log":1,"minecraft:acacia_leaves":2,"unusualprehistory:deepslate_plant_fossil":7,"jeg:scrap_ore":53,"smarter_mobs:spider_web":2,"minecraft:stone_brick_slab":1,"minecraft:crafting_table":7,"gamma_beasts:acacia_hoja_1":1,"minecraft:tall_grass":3,"minecraft:copper_ore":15,"minecraft:deepslate_coal_ore":11,"minecraft:lapis_ore":3,"minecraft:deepslate_gold_ore":40,"minecraft:diorite":34,"jeg:deepslate_scrap_ore":28,"gamma_beasts:deepslate_prehnite_ore":14,"minecraft:cactus":6,"minecraft:coarse_dirt":10,"minecraft:spruce_log":1,"minecraft:birch_leaves":1,"unusualprehistory:tar":14,"minecraft:coal_ore":199,"minecraft:gravel":26,"minecraft:acacia_planks":3,"minecraft:gold_ore":13,"minecraft:infested_stone":1,"minecraft:fern":3},"minecraft:custom":{"minecraft:interact_with_crafting_table":65,"minecraft:open_barrel":22,"minecraft:leave_game":26,"minecraft:time_since_death":87464,"minecraft:damage_resisted":51,"minecraft:sprint_one_cm":1355571,"minecraft:drop":172,"minecraft:talked_to_villager":7,"minecraft:play_time":467408,"minecraft:deaths":22,"minecraft:jump":16267,"minecraft:walk_on_water_one_cm":105764,"minecraft:enchant_item":5,"minecraft:interact_with_furnace":152,"minecraft:interact_with_loom":1,"minecraft:sleep_in_bed":26,"minecraft:waystone_activated":2,"tombstone:sneak_grave":12,"minecraft:damage_dealt":45449,"minecraft:player_kills":2,"minecraft:crouch_one_cm":76821,"tombstone:undead_killed":101,"minecraft:interact_with_smoker":11,"minecraft:mob_kills":270,"minecraft:interact_with_anvil":7,"minecraft:damage_dealt_resisted":472,"minecraft:climb_one_cm":15355,"minecraft:walk_one_cm":1401896,"minecraft:damage_dealt_absorbed":240,"minecraft:sneak_time":23170,"minecraft:walk_under_water_one_cm":88543,"minecraft:interact_with_blast_furnace":20,"minecraft:total_world_time":467408,"minecraft:time_since_rest":2974,"minecraft:damage_taken":15876,"minecraft:damage_absorbed":160,"minecraft:swim_one_cm":296493,"minecraft:fly_one_cm":3988694,"minecraft:open_chest":50,"minecraft:fall_one_cm":509489},"minecraft:crafted":{"minecraft:smooth_stone":3,"securitycraft:mine":3,"minecraft:oak_planks":16,"minecraft:cooked_chicken":8,"minecraft:stone":3,"minecraft:diamond_shovel":1,"gamma_beasts:prehnite_armor_chestplate":1,"minecraft:cooked_mutton":11,"minecraft:diamond_helmet":1,"tombstone:grave_key":2,"minecraft:chest":1,"gamma_beasts:prehnite_armor_boots":1,"sophisticatedbackpacks:backpack":1,"minecraft:cooked_porkchop":8,"minecraft:crafting_table":9,"minecraft:spruce_planks":4,"minecraft:baked_potato":10,"minecraft:wooden_pickaxe":2,"minecraft:copper_ingot":90,"minecraft:book":4,"minecraft:paper":12,"minecraft:diamond_pickaxe":3,"gamma_beasts:prehnite_armor_leggings":1,"sophisticatedbackpacks:diamond_backpack":1,"minecraft:stick":32,"minecraft:iron_ingot":133,"minecraft:iron_pickaxe":1,"minecraft:iron_block":6,"minecraft:stone_sword":2,"minecraft:gold_ingot":39,"minecraft:shears":1,"securitycraft:furnace_mine":1,"minecraft:fishing_rod":1,"minecraft:furnace":7,"minecraft:blast_furnace":1,"minecraft:bone_meal":9,"minecraft:oak_trapdoor":2,"minecraft:flint_and_steel":1,"jeg:scrap_workbench":1,"securitycraft:universal_block_remover":1,"minecraft:stone_pickaxe":2,"sophisticatedbackpacks:iron_backpack":1,"gamma_beasts:cooked_bird_thigh":3,"minecraft:cooked_beef":5,"minecraft:diamond_sword":2,"minecraft:enchanting_table":1,"minecraft:iron_sword":3,"minecraft:acacia_trapdoor":2,"minecraft:cooked_salmon":30,"sophisticatedbackpacks:gold_backpack":1,"minecraft:stone_axe":1,"minecraft:bread":48,"minecraft:air":0,"jeg:scrap_block":1,"securitycraft:dirt_mine":2,"minecraft:anvil":2,"minecraft:white_bed":1,"minecraft:acacia_planks":68,"create:zinc_ingot":13},"minecraft:broken":{"mowziesmobs:umvuthana_mask_fear":1,"minecraft:chainmail_boots":1,"minecraft:chainmail_chestplate":1,"minecraft:golden_sword":1,"mowziesmobs:umvuthana_mask_fury":2,"minecraft:diamond_pickaxe":1,"minecraft:chainmail_leggings":1,"minecraft:leather_boots":1},"minecraft:used":{"alexsmobs:emu_egg":2,"mowziesmobs:umvuthana_mask_fear":3,"minecraft:poppy":2,"minecraft:iron_sword":162,"minecraft:acacia_sapling":1,"jeg:grenade":3,"minecraft:obsidian":11,"minecraft:lava_bucket":8,"minecraft:grass_block":2,"minecraft:golden_sword":1,"mowziesmobs:umvuthana_mask_rage":2,"minecraft:bow":13,"minecraft:furnace":7,"minecraft:beetroot_seeds":3,"minecraft:egg":4,"minecraft:potato":35,"minecraft:diorite":5,"minecraft:acacia_trapdoor":2,"minecraft:oak_planks":1,"minecraft:stone_pickaxe":98,"minecraft:wooden_pickaxe":51,"minecraft:sandstone":32,"minecraft:sugar_cane":12,"minecraft:sand":19,"minecraft:blast_furnace":4,"securitycraft:universal_block_remover":4,"minecraft:black_bed":2,"gamma_beasts:kiwi":16,"minecraft:melon_slice":38,"minecraft:bread":122,"tombstone:grave_key":1,"minecraft:gravel":8,"gamma_beasts:bird_thigh":1,"minecraft:diamond_sword":609,"minecraft:coarse_dirt":15,"minecraft:bone_meal":9,"minecraft:oak_trapdoor":2,"minecraft:enchanting_table":1,"minecraft:stone_sword":140,"minecraft:acacia_log":3,"mowziesmobs:umvuthana_mask_misery":2,"minecraft:flint_and_steel":1,"gamma_beasts:green_apple":14,"minecraft:cooked_salmon":21,"minecraft:cooked_chicken":8,"minecraft:netherrack":62,"minecraft:orange_bed":16,"minecraft:torch":23,"minecraft:dirt":351,"minecraft:anvil":3,"minecraft:granite":16,"minecraft:oak_stairs":1,"minecraft:beef":22,"securitycraft:dirt_mine":1,"tombstone:gift":6,"minecraft:cooked_beef":5,"minecraft:acacia_planks":8,"minecraft:cobbled_deepslate":96,"unusualprehistory:tar_bucket":5,"minecraft:wheat_seeds":182,"minecraft:cooked_mutton":11,"minecraft:water_bucket":139,"minecraft:baked_potato":8,"minecraft:leather_boots":1,"minecraft:salmon":4,"minecraft:lime_terracotta":3,"minecraft:tnt":3,"minecraft:crafting_table":15,"minecraft:white_bed":3,"securitycraft:furnace_mine":3,"bosses_of_mass_destruction:soul_star":1,"minecraft:smoker":1,"smarter_mobs:spider_web":9,"tombstone:bag_of_seeds":1,"minecraft:diamond_pickaxe":2283,"minecraft:diamond_shovel":909,"minecraft:iron_pickaxe":108,"gamma_beasts:cooked_bird_thigh":3,"jeg:scrap_workbench":1,"minecraft:stone_axe":3,"unusualprehistory:petrified_wood_log":1,"minecraft:fishing_rod":4,"minecraft:cobblestone":346,"mowziesmobs:umvuthana_mask_fury":8,"minecraft:porkchop":4,"minecraft:cooked_porkchop":9,"minecraft:bucket":153,"alexsmobs:animal_dictionary":2,"minecraft:dandelion":1}},"DataVersion":3465}