{"stats":{"minecraft:killed":{"minecraft:spider":5,"minecraft:skeleton":2,"gamma_beasts:dosmo_c":1,"minecraft:pig":2,"minecraft:iron_golem":1,"mowziesmobs:umvuthana_follower_raptor":22,"minecraft:creeper":1,"alexsmobs:emu":1,"minecraft:sheep":3,"alexsmobs:catfish":1,"minecraft:zombie":21,"alexsmobs:maned_wolf":1,"alexsmobs:fly":1,"gamma_beasts:dosmos_a":1,"mowziesmobs:umvuthana_raptor":8},"minecraft:dropped":{"minecraft:enchanted_book":1,"minecraft:bread":8,"minecraft:wheat_seeds":101,"minecraft:lime_terracotta":8,"mowziesmobs:umvuthana_mask_fear":1,"minecraft:saddle":1,"minecraft:dirt":27,"minecraft:red_bed":2,"mowziesmobs:umvuthana_mask_bliss":2,"minecraft:map":6,"minecraft:sand":3,"minecraft:furnace":1,"minecraft:stone_axe":1,"alexsmobs:maggot":2,"minecraft:stone_sword":4,"minecraft:rotten_flesh":23,"gamma_beasts:kiwi":2,"minecraft:shield":1,"minecraft:gunpowder":1,"mowziesmobs:umvuthana_mask_misery":1,"artifacts:steadfast_spikes":1,"minecraft:arrow":1,"minecraft:bow":1,"minecraft:stone_pickaxe":1,"minecraft:wooden_pickaxe":4,"gamma_beasts:bird_thigh":1},"minecraft:picked_up":{"minecraft:crafting_table":6,"minecraft:wheat":57,"minecraft:wooden_pickaxe":2,"minecraft:enchanted_book":1,"tombstone:grave_key":1,"minecraft:shield":1,"minecraft:golden_sword":1,"minecraft:string":9,"minecraft:red_bed":2,"minecraft:raw_copper":21,"gamma_beasts:acacia_leaf":2,"minecraft:poppy":1,"minecraft:sugar_cane":12,"minecraft:furnace":1,"minecraft:raw_iron":5,"minecraft:stick":2,"minecraft:sandstone":16,"minecraft:torch":1,"minecraft:acacia_log":16,"minecraft:porkchop":4,"tombstone:grave_dust":5,"minecraft:orange_bed":9,"minecraft:stone_sword":2,"minecraft:arrow":3,"minecraft:rotten_flesh":22,"gamma_beasts:kiwi":8,"mowziesmobs:umvuthana_mask_bliss":2,"gamma_beasts:coal_nugget":13,"minecraft:mutton":5,"minecraft:white_wool":4,"minecraft:cobblestone":53,"mowziesmobs:umvuthana_mask_fury":3,"minecraft:feather":12,"gamma_beasts:bird_thigh":2,"minecraft:chainmail_chestplate":1,"jeg:scrap":22,"minecraft:gunpowder":5,"smarter_mobs:spider_web":6,"minecraft:dirt":44,"minecraft:bone":6,"minecraft:bow":1,"minecraft:wheat_seeds":164,"minecraft:iron_ingot":5,"jeg:tech_trash":2,"mowziesmobs:umvuthana_mask_misery":2,"minecraft:acacia_sapling":1,"minecraft:lime_terracotta":11,"minecraft:sand":16,"minecraft:blast_furnace":2,"minecraft:white_bed":2,"mowziesmobs:umvuthana_mask_fear":1,"alexsmobs:maggot":2,"minecraft:coal":70},"minecraft:crafted":{"minecraft:fishing_rod":1,"minecraft:furnace":3,"minecraft:cooked_mutton":5,"jeg:scrap_workbench":1,"minecraft:stone_pickaxe":1,"minecraft:crafting_table":4,"minecraft:wooden_pickaxe":2,"minecraft:iron_sword":3,"minecraft:stone_axe":1,"minecraft:bread":19,"minecraft:air":0,"jeg:scrap_block":1,"minecraft:stick":20,"minecraft:iron_ingot":5,"minecraft:iron_pickaxe":1,"minecraft:stone_sword":2,"minecraft:white_bed":1,"minecraft:acacia_planks":52},"minecraft:custom":{"minecraft:mob_kills":72,"minecraft:interact_with_crafting_table":19,"minecraft:damage_dealt_resisted":179,"minecraft:leave_game":15,"minecraft:time_since_death":18531,"minecraft:climb_one_cm":2439,"minecraft:sprint_one_cm":271416,"minecraft:walk_one_cm":258429,"minecraft:drop":42,"minecraft:talked_to_villager":2,"minecraft:play_time":95417,"minecraft:deaths":6,"minecraft:sneak_time":3516,"minecraft:walk_under_water_one_cm":11624,"minecraft:jump":3091,"minecraft:interact_with_blast_furnace":7,"minecraft:walk_on_water_one_cm":21683,"minecraft:total_world_time":95417,"minecraft:interact_with_furnace":12,"minecraft:sleep_in_bed":10,"minecraft:time_since_rest":16132,"minecraft:waystone_activated":1,"minecraft:damage_taken":3803,"tombstone:sneak_grave":12,"minecraft:damage_dealt":10932,"minecraft:swim_one_cm":45605,"minecraft:fly_one_cm":1108375,"minecraft:open_chest":12,"minecraft:crouch_one_cm":10098,"tombstone:undead_killed":23,"minecraft:fall_one_cm":95999},"minecraft:used":{"minecraft:stone_sword":140,"minecraft:acacia_log":3,"mowziesmobs:umvuthana_mask_fear":1,"minecraft:poppy":1,"minecraft:iron_sword":81,"minecraft:orange_bed":9,"minecraft:torch":1,"minecraft:dirt":17,"minecraft:acacia_sapling":1,"minecraft:golden_sword":1,"minecraft:furnace":3,"tombstone:gift":6,"minecraft:acacia_planks":8,"unusualprehistory:tar_bucket":5,"minecraft:wheat_seeds":63,"minecraft:cooked_mutton":5,"minecraft:water_bucket":4,"minecraft:stone_pickaxe":57,"minecraft:wooden_pickaxe":51,"minecraft:sandstone":32,"minecraft:sand":19,"minecraft:lime_terracotta":3,"minecraft:crafting_table":10,"minecraft:blast_furnace":2,"minecraft:white_bed":3,"smarter_mobs:spider_web":3,"gamma_beasts:kiwi":6,"minecraft:bread":45,"minecraft:iron_pickaxe":28,"jeg:scrap_workbench":1,"minecraft:stone_axe":3,"gamma_beasts:bird_thigh":1,"minecraft:fishing_rod":2,"minecraft:cobblestone":4,"minecraft:porkchop":4,"mowziesmobs:umvuthana_mask_fury":1,"minecraft:bucket":10},"minecraft:mined":{"minecraft:white_bed":1,"minecraft:acacia_log":15,"minecraft:grass_block":6,"minecraft:furnace":1,"minecraft:iron_ore":5,"gamma_beasts:acacia_hoja":3,"minecraft:stone":44,"minecraft:white_wool":2,"minecraft:orange_bed":9,"minecraft:acacia_leaves":1,"jeg:scrap_ore":11,"minecraft:red_bed":2,"minecraft:crafting_table":5,"minecraft:blast_furnace":2,"minecraft:dead_bush":3,"minecraft:tall_grass":3,"minecraft:copper_ore":5,"minecraft:sugar_cane":7,"minecraft:wheat":63,"unusualprehistory:tar":14,"minecraft:grass":27,"minecraft:coal_ore":49,"minecraft:sand":14},"minecraft:broken":{"minecraft:golden_sword":1,"minecraft:chainmail_chestplate":1},"minecraft:killed_by":{"minecraft:skeleton":1,"minecraft:zombie":1}},"DataVersion":3465}