{"stats":{"minecraft:killed":{"minecraft:spider":9,"minecraft:skeleton":5,"minecraft:chicken":3,"gamma_beasts:dosmo_c":1,"minecraft:pig":3,"minecraft:iron_golem":1,"mowziesmobs:umvuthana_follower_raptor":22,"minecraft:creeper":1,"alexsmobs:emu":1,"minecraft:sheep":3,"alexsmobs:catfish":1,"minecraft:zombie":28,"alexsmobs:maned_wolf":1,"alexsmobs:fly":1,"gamma_beasts:dosmos_a":1,"mowziesmobs:umvuthana_raptor":8,"minecraft:cow":3},"minecraft:dropped":{"minecraft:enchanted_book":1,"minecraft:bread":8,"minecraft:wheat_seeds":101,"minecraft:lime_terracotta":8,"minecraft:cobblestone":2,"mowziesmobs:umvuthana_mask_fear":1,"minecraft:leather":1,"minecraft:saddle":1,"minecraft:dirt":64,"minecraft:red_bed":2,"mowziesmobs:umvuthana_mask_bliss":2,"tombstone:grave_key":2,"minecraft:map":6,"minecraft:sand":3,"minecraft:paper":9,"minecraft:fishing_rod":1,"minecraft:bone":9,"minecraft:furnace":1,"minecraft:stone_axe":1,"alexsmobs:maggot":2,"minecraft:stone_sword":4,"minecraft:rotten_flesh":24,"gamma_beasts:kiwi":2,"smarter_mobs:spider_web":2,"gamma_beasts:green_apple":4,"minecraft:shield":1,"minecraft:gunpowder":1,"mowziesmobs:umvuthana_mask_misery":1,"artifacts:steadfast_spikes":1,"minecraft:oak_sapling":1,"minecraft:spider_eye":2,"minecraft:arrow":1,"minecraft:bow":1,"minecraft:stone_pickaxe":1,"minecraft:wooden_pickaxe":4,"gamma_beasts:bird_thigh":1},"minecraft:picked_up":{"minecraft:crafting_table":6,"minecraft:wheat":57,"minecraft:chainmail_boots":1,"minecraft:chicken":3,"minecraft:wooden_pickaxe":2,"minecraft:enchanted_book":1,"tombstone:grave_key":1,"minecraft:shield":1,"minecraft:golden_sword":1,"minecraft:string":13,"minecraft:red_bed":2,"minecraft:raw_copper":21,"gamma_beasts:acacia_leaf":2,"minecraft:beef":2,"minecraft:poppy":1,"minecraft:sugar_cane":15,"minecraft:furnace":1,"minecraft:raw_iron":8,"minecraft:stick":2,"minecraft:sandstone":16,"minecraft:torch":1,"minecraft:acacia_log":16,"minecraft:porkchop":10,"tombstone:grave_dust":6,"minecraft:diorite":5,"minecraft:orange_bed":9,"minecraft:stone_sword":2,"minecraft:arrow":7,"minecraft:rotten_flesh":32,"gamma_beasts:kiwi":8,"mowziesmobs:umvuthana_mask_bliss":2,"gamma_beasts:coal_nugget":13,"minecraft:mutton":5,"minecraft:white_wool":4,"minecraft:cobblestone":64,"mowziesmobs:umvuthana_mask_fury":3,"minecraft:feather":13,"minecraft:leather":2,"gamma_beasts:bird_thigh":2,"gamma_beasts:green_apple":6,"minecraft:chainmail_chestplate":1,"jeg:scrap":33,"minecraft:gunpowder":7,"minecraft:paper":9,"smarter_mobs:spider_web":7,"minecraft:dirt":92,"minecraft:leather_boots":1,"minecraft:bone":9,"minecraft:acacia_planks":3,"minecraft:bow":2,"minecraft:wheat_seeds":165,"minecraft:iron_ingot":5,"minecraft:iron_sword":1,"jeg:tech_trash":4,"mowziesmobs:umvuthana_mask_misery":2,"minecraft:acacia_sapling":1,"minecraft:lime_terracotta":11,"minecraft:sand":16,"minecraft:blast_furnace":2,"minecraft:white_bed":2,"minecraft:spider_eye":2,"mowziesmobs:umvuthana_mask_fear":1,"alexsmobs:maggot":2,"minecraft:oak_sapling":1,"minecraft:coal":70},"minecraft:crafted":{"minecraft:fishing_rod":1,"minecraft:furnace":3,"minecraft:cooked_mutton":5,"jeg:scrap_workbench":1,"minecraft:stone_pickaxe":1,"minecraft:cooked_porkchop":2,"minecraft:crafting_table":4,"minecraft:wooden_pickaxe":2,"minecraft:iron_sword":3,"minecraft:stone_axe":1,"minecraft:bread":19,"minecraft:air":0,"jeg:scrap_block":1,"minecraft:stick":20,"minecraft:iron_ingot":5,"minecraft:iron_pickaxe":1,"minecraft:stone_sword":2,"minecraft:white_bed":1,"minecraft:acacia_planks":52},"minecraft:custom":{"minecraft:mob_kills":93,"minecraft:interact_with_crafting_table":19,"minecraft:damage_dealt_resisted":179,"minecraft:leave_game":15,"minecraft:time_since_death":7747,"minecraft:climb_one_cm":2439,"minecraft:damage_resisted":51,"minecraft:sprint_one_cm":367049,"minecraft:walk_one_cm":328278,"minecraft:drop":59,"minecraft:talked_to_villager":2,"minecraft:play_time":119417,"minecraft:deaths":11,"minecraft:sneak_time":4158,"minecraft:walk_under_water_one_cm":15362,"minecraft:jump":4019,"minecraft:interact_with_blast_furnace":7,"minecraft:walk_on_water_one_cm":30555,"minecraft:total_world_time":119417,"minecraft:interact_with_furnace":18,"minecraft:sleep_in_bed":10,"minecraft:time_since_rest":6738,"minecraft:waystone_activated":1,"minecraft:damage_taken":5432,"tombstone:sneak_grave":12,"minecraft:damage_dealt":14003,"minecraft:swim_one_cm":67767,"minecraft:fly_one_cm":1309511,"minecraft:open_chest":12,"minecraft:crouch_one_cm":12291,"tombstone:undead_killed":33,"minecraft:fall_one_cm":113691},"minecraft:used":{"minecraft:stone_sword":140,"minecraft:acacia_log":3,"mowziesmobs:umvuthana_mask_misery":2,"mowziesmobs:umvuthana_mask_fear":1,"minecraft:poppy":1,"gamma_beasts:green_apple":2,"minecraft:iron_sword":140,"minecraft:orange_bed":9,"minecraft:torch":2,"minecraft:dirt":35,"minecraft:acacia_sapling":1,"minecraft:golden_sword":1,"minecraft:bow":5,"minecraft:furnace":3,"tombstone:gift":6,"minecraft:acacia_planks":8,"unusualprehistory:tar_bucket":5,"minecraft:wheat_seeds":63,"minecraft:cooked_mutton":5,"minecraft:water_bucket":57,"minecraft:diorite":5,"minecraft:stone_pickaxe":57,"minecraft:wooden_pickaxe":51,"minecraft:sandstone":32,"minecraft:leather_boots":1,"minecraft:sand":19,"minecraft:lime_terracotta":3,"minecraft:crafting_table":10,"minecraft:blast_furnace":2,"minecraft:white_bed":3,"smarter_mobs:spider_web":5,"gamma_beasts:kiwi":6,"minecraft:bread":48,"minecraft:iron_pickaxe":43,"jeg:scrap_workbench":1,"minecraft:stone_axe":3,"gamma_beasts:bird_thigh":1,"minecraft:fishing_rod":2,"minecraft:cobblestone":28,"minecraft:cooked_porkchop":2,"minecraft:porkchop":4,"mowziesmobs:umvuthana_mask_fury":4,"minecraft:bucket":63,"alexsmobs:animal_dictionary":1},"minecraft:mined":{"minecraft:white_bed":1,"gamma_beasts:roblo_hoja":2,"minecraft:acacia_log":15,"minecraft:grass_block":6,"minecraft:furnace":1,"minecraft:iron_ore":8,"gamma_beasts:acacia_hoja":3,"minecraft:stone":47,"minecraft:white_wool":2,"minecraft:orange_bed":9,"minecraft:acacia_leaves":1,"smarter_mobs:spider_web":1,"jeg:scrap_ore":17,"minecraft:red_bed":2,"minecraft:crafting_table":5,"minecraft:blast_furnace":2,"minecraft:dead_bush":3,"minecraft:tall_grass":3,"minecraft:copper_ore":5,"minecraft:sugar_cane":8,"minecraft:wheat":63,"unusualprehistory:tar":14,"minecraft:grass":29,"minecraft:coal_ore":49,"minecraft:sand":14,"minecraft:acacia_planks":3},"minecraft:broken":{"minecraft:golden_sword":1,"minecraft:chainmail_chestplate":1,"mowziesmobs:umvuthana_mask_fury":1,"minecraft:leather_boots":1},"minecraft:killed_by":{"minecraft:skeleton":1,"minecraft:zombie":1}},"DataVersion":3465}