{"stats":{"minecraft:custom":{"minecraft:interact_with_crafting_table":38,"minecraft:open_barrel":9,"minecraft:leave_game":23,"minecraft:time_since_death":33173,"minecraft:damage_resisted":51,"minecraft:sprint_one_cm":1164767,"minecraft:drop":129,"minecraft:talked_to_villager":6,"minecraft:play_time":351238,"minecraft:deaths":20,"minecraft:jump":13533,"minecraft:walk_on_water_one_cm":93011,"minecraft:interact_with_furnace":78,"minecraft:sleep_in_bed":21,"minecraft:waystone_activated":2,"tombstone:sneak_grave":12,"minecraft:damage_dealt":36068,"minecraft:player_kills":1,"minecraft:crouch_one_cm":56029,"tombstone:undead_killed":73,"minecraft:mob_kills":218,"minecraft:interact_with_anvil":1,"minecraft:damage_dealt_resisted":472,"minecraft:climb_one_cm":14220,"minecraft:walk_one_cm":967892,"minecraft:damage_dealt_absorbed":80,"minecraft:sneak_time":16794,"minecraft:walk_under_water_one_cm":80801,"minecraft:interact_with_blast_furnace":14,"minecraft:total_world_time":351238,"minecraft:time_since_rest":4868,"minecraft:damage_absorbed":160,"minecraft:damage_taken":13929,"minecraft:swim_one_cm":283178,"minecraft:fly_one_cm":3593380,"minecraft:open_chest":48,"minecraft:fall_one_cm":433504},"minecraft:mined":{"gamma_beasts:roble_hoja_1":1,"minecraft:white_bed":1,"unusualprehistory:stone_amber_ore":3,"minecraft:obsidian":13,"minecraft:granite":13,"minecraft:acacia_log":19,"minecraft:grass_block":29,"unusualprehistory:plant_fossil":3,"minecraft:spawner":1,"minecraft:iron_ore":47,"minecraft:cobbled_deepslate":1,"minecraft:fire":1,"minecraft:deepslate_lapis_ore":11,"minecraft:orange_bed":12,"minecraft:deepslate_redstone_ore":5,"minecraft:red_bed":2,"minecraft:blast_furnace":3,"minecraft:melon":8,"minecraft:dead_bush":6,"minecraft:nether_quartz_ore":2,"minecraft:cobblestone":8,"minecraft:sugar_cane":21,"minecraft:wall_torch":1,"minecraft:wheat":154,"minecraft:grass":50,"minecraft:sand":14,"minecraft:dirt":15,"minecraft:netherrack":69,"unusualprehistory:splattered_tar":1,"minecraft:oak_leaves":12,"minecraft:deepslate":371,"create:zinc_ore":13,"minecraft:tuff":36,"minecraft:deepslate_diamond_ore":8,"gamma_beasts:roblo_hoja":6,"minecraft:furnace":1,"gamma_beasts:prehnite_ore":8,"gamma_beasts:acacia_hoja":8,"minecraft:deepslate_iron_ore":44,"minecraft:stone":295,"minecraft:white_wool":2,"unusualprehistory:petrified_wood_log":1,"minecraft:acacia_leaves":2,"jeg:scrap_ore":47,"unusualprehistory:deepslate_plant_fossil":7,"smarter_mobs:spider_web":2,"minecraft:stone_brick_slab":1,"minecraft:crafting_table":6,"gamma_beasts:acacia_hoja_1":1,"minecraft:tall_grass":3,"minecraft:copper_ore":15,"minecraft:deepslate_gold_ore":5,"jeg:deepslate_scrap_ore":20,"minecraft:cactus":6,"minecraft:coarse_dirt":5,"minecraft:birch_leaves":1,"unusualprehistory:tar":14,"minecraft:coal_ore":128,"minecraft:gravel":21,"minecraft:acacia_planks":3,"minecraft:gold_ore":7,"minecraft:fern":3},"minecraft:picked_up":{"minecraft:wheat":148,"minecraft:chainmail_boots":1,"minecraft:diamond_sword":1,"minecraft:oak_stairs":1,"minecraft:enchanted_book":2,"tombstone:grave_key":1,"minecraft:golden_sword":1,"minecraft:string":27,"minecraft:raw_copper":58,"minecraft:cobbled_deepslate":96,"unusualprehistory:plant_fossil_item":9,"minecraft:melon_slice":43,"minecraft:furnace":1,"minecraft:stick":2,"minecraft:torch":3,"minecraft:acacia_log":20,"minecraft:porkchop":17,"tombstone:grave_dust":14,"minecraft:diorite":5,"minecraft:orange_bed":12,"minecraft:stone_sword":3,"minecraft:cactus":26,"minecraft:rotten_flesh":40,"gamma_beasts:kiwi":18,"alexsmobs:emu_egg":2,"gamma_beasts:coal_nugget":50,"minecraft:obsidian":12,"minecraft:snowball":14,"minecraft:cobblestone":275,"minecraft:feather":39,"gamma_beasts:prehnite":8,"minecraft:flint":1,"create:raw_zinc":13,"gamma_beasts:oak_leaf":2,"jeg:scrap":112,"minecraft:dirt":126,"minecraft:lapis_lazuli":64,"smarter_mobs:spider_web":13,"minecraft:leather_boots":1,"minecraft:bone":13,"minecraft:acacia_planks":3,"minecraft:bow":4,"minecraft:wheat_seeds":398,"minecraft:raw_gold":12,"minecraft:cooked_porkchop":1,"securitycraft:dirt_mine":1,"minecraft:lime_terracotta":11,"unusualprehistory:petrified_wood_log":1,"minecraft:sand":16,"minecraft:ink_sac":2,"minecraft:diamond":8,"minecraft:granite":13,"minecraft:bread":74,"alexsmobs:maggot":4,"minecraft:oak_sapling":1,"minecraft:netherrack":62,"minecraft:crafting_table":7,"minecraft:coarse_dirt":2,"minecraft:chicken":4,"securitycraft:furnace_mine":3,"minecraft:wooden_pickaxe":2,"minecraft:shield":1,"minecraft:red_bed":2,"gamma_beasts:acacia_leaf":2,"minecraft:beef":29,"minecraft:poppy":2,"minecraft:sugar_cane":38,"minecraft:egg":4,"minecraft:raw_iron":91,"minecraft:sandstone":16,"minecraft:redstone":25,"minecraft:arrow":22,"mowziesmobs:umvuthana_mask_bliss":4,"minecraft:mutton":5,"minecraft:white_wool":4,"mowziesmobs:umvuthana_mask_fury":5,"minecraft:salmon":2,"minecraft:leather":14,"gamma_beasts:bird_thigh":5,"gamma_beasts:green_apple":18,"minecraft:chainmail_chestplate":2,"minecraft:gunpowder":21,"minecraft:paper":9,"jeg:grenade":3,"mowziesmobs:umvuthana_mask_rage":1,"minecraft:iron_ingot":5,"jeg:tech_trash":21,"minecraft:acacia_sapling":1,"minecraft:iron_sword":1,"mowziesmobs:umvuthana_mask_misery":3,"minecraft:dandelion":2,"minecraft:gravel":14,"minecraft:blast_furnace":3,"minecraft:white_bed":3,"minecraft:spider_eye":4,"mowziesmobs:umvuthana_mask_fear":2,"tombstone:magic_scroll":1,"unusualprehistory:amber_fossil":1,"minecraft:coal":130,"minecraft:ender_pearl":2},"minecraft:used":{"alexsmobs:emu_egg":2,"mowziesmobs:umvuthana_mask_fear":3,"minecraft:poppy":2,"minecraft:iron_sword":162,"minecraft:acacia_sapling":1,"jeg:grenade":3,"minecraft:obsidian":11,"minecraft:lava_bucket":7,"minecraft:golden_sword":1,"mowziesmobs:umvuthana_mask_rage":2,"minecraft:bow":6,"minecraft:furnace":4,"minecraft:egg":3,"minecraft:diorite":5,"minecraft:stone_pickaxe":98,"minecraft:wooden_pickaxe":51,"minecraft:sandstone":32,"minecraft:sugar_cane":8,"minecraft:sand":19,"minecraft:blast_furnace":3,"securitycraft:universal_block_remover":4,"gamma_beasts:kiwi":16,"minecraft:bread":122,"minecraft:melon_slice":38,"minecraft:gravel":8,"gamma_beasts:bird_thigh":1,"minecraft:diamond_sword":432,"minecraft:coarse_dirt":5,"minecraft:stone_sword":140,"minecraft:acacia_log":3,"minecraft:flint_and_steel":1,"mowziesmobs:umvuthana_mask_misery":2,"gamma_beasts:green_apple":14,"minecraft:cooked_salmon":7,"minecraft:netherrack":62,"minecraft:cooked_chicken":4,"minecraft:orange_bed":12,"minecraft:torch":4,"minecraft:dirt":65,"minecraft:anvil":1,"minecraft:granite":9,"minecraft:oak_stairs":1,"minecraft:beef":22,"securitycraft:dirt_mine":1,"tombstone:gift":6,"minecraft:cooked_beef":5,"minecraft:acacia_planks":8,"minecraft:cobbled_deepslate":88,"unusualprehistory:tar_bucket":5,"minecraft:wheat_seeds":180,"minecraft:cooked_mutton":5,"minecraft:water_bucket":104,"minecraft:leather_boots":1,"minecraft:lime_terracotta":3,"minecraft:crafting_table":14,"minecraft:white_bed":3,"securitycraft:furnace_mine":3,"smarter_mobs:spider_web":9,"minecraft:diamond_pickaxe":974,"minecraft:iron_pickaxe":108,"gamma_beasts:cooked_bird_thigh":3,"jeg:scrap_workbench":1,"minecraft:stone_axe":3,"minecraft:fishing_rod":4,"unusualprehistory:petrified_wood_log":1,"minecraft:cobblestone":238,"minecraft:cooked_porkchop":9,"minecraft:porkchop":4,"mowziesmobs:umvuthana_mask_fury":8,"minecraft:bucket":117,"alexsmobs:animal_dictionary":2,"minecraft:dandelion":1},"minecraft:killed_by":{"minecraft:zombie":1,"minecraft:player":2,"minecraft:skeleton":1},"minecraft:crafted":{"securitycraft:mine":3,"minecraft:cooked_chicken":4,"gamma_beasts:prehnite_armor_chestplate":1,"minecraft:cooked_mutton":5,"tombstone:grave_key":1,"minecraft:chest":1,"sophisticatedbackpacks:backpack":1,"minecraft:cooked_porkchop":8,"minecraft:crafting_table":7,"minecraft:wooden_pickaxe":2,"minecraft:copper_ingot":90,"minecraft:diamond_pickaxe":2,"minecraft:stick":28,"minecraft:iron_ingot":34,"minecraft:iron_pickaxe":1,"minecraft:iron_block":3,"minecraft:stone_sword":2,"minecraft:shears":1,"securitycraft:furnace_mine":1,"minecraft:fishing_rod":1,"minecraft:furnace":5,"minecraft:flint_and_steel":1,"jeg:scrap_workbench":1,"securitycraft:universal_block_remover":1,"minecraft:stone_pickaxe":2,"sophisticatedbackpacks:iron_backpack":1,"gamma_beasts:cooked_bird_thigh":3,"minecraft:cooked_beef":5,"minecraft:diamond_sword":2,"minecraft:iron_sword":3,"minecraft:cooked_salmon":22,"minecraft:stone_axe":1,"minecraft:bread":48,"minecraft:air":0,"jeg:scrap_block":1,"securitycraft:dirt_mine":2,"minecraft:anvil":1,"minecraft:white_bed":1,"minecraft:acacia_planks":68,"create:zinc_ingot":13},"minecraft:broken":{"mowziesmobs:umvuthana_mask_fear":1,"minecraft:chainmail_boots":1,"minecraft:chainmail_chestplate":1,"minecraft:golden_sword":1,"mowziesmobs:umvuthana_mask_fury":1,"minecraft:leather_boots":1},"minecraft:killed":{"minecraft:spider":16,"minecraft:skeleton":21,"gamma_beasts:banndu_a":1,"minecraft:chicken":3,"minecraft:pig":7,"minecraft:zombie_villager":1,"minecraft:salmon":2,"minecraft:iron_golem":1,"minecraft:creeper":12,"minecraft:sheep":3,"minecraft:zombie":51,"alexsmobs:maned_wolf":1,"alexsmobs:fly":1,"mowziesmobs:umvuthana_raptor":12,"minecraft:cow":17,"gamma_beasts:dosmo_c":2,"mowziesmobs:umvuthana_follower_raptor":54,"minecraft:squid":1,"alexsmobs:emu":4,"alexsmobs:catfish":1,"gamma_beasts:dosmos_a":2,"minecraft:enderman":1},"minecraft:dropped":{"minecraft:iron_sword":2,"minecraft:lime_terracotta":8,"minecraft:leather":9,"minecraft:saddle":1,"minecraft:dirt":65,"minecraft:red_bed":2,"mowziesmobs:umvuthana_mask_bliss":2,"minecraft:snowball":14,"minecraft:amethyst_shard":6,"minecraft:sand":3,"minecraft:fishing_rod":1,"minecraft:bone":10,"minecraft:gravel":6,"minecraft:stone_axe":1,"minecraft:sugar_cane":2,"mowziesmobs:umvuthana_mask_rage":1,"minecraft:cobbled_deepslate":8,"minecraft:wheat":4,"minecraft:rotten_flesh":32,"gamma_beasts:kiwi":2,"minecraft:white_bed":1,"smarter_mobs:spider_web":2,"minecraft:chainmail_chestplate":1,"minecraft:gunpowder":1,"minecraft:arrow":12,"mowziesmobs:umvuthana_mask_fury":3,"minecraft:water_bucket":1,"minecraft:enchanted_book":2,"minecraft:iron_ingot":5,"minecraft:bread":37,"minecraft:wheat_seeds":226,"gamma_beasts:oak_leaf":2,"gamma_beasts:coal_nugget":38,"minecraft:feather":14,"minecraft:cobblestone":7,"mowziesmobs:umvuthana_mask_fear":1,"minecraft:granite":4,"minecraft:copper_ingot":90,"minecraft:coal":8,"tombstone:grave_key":2,"minecraft:melon_slice":5,"minecraft:cooked_salmon":9,"minecraft:map":6,"tombstone:grave_dust":13,"minecraft:cactus":26,"minecraft:string":4,"minecraft:paper":9,"minecraft:dandelion":1,"minecraft:furnace":1,"alexsmobs:maggot":2,"minecraft:stone_sword":5,"gamma_beasts:green_apple":4,"minecraft:shield":1,"mowziesmobs:umvuthana_mask_misery":2,"minecraft:diamond_pickaxe":1,"artifacts:steadfast_spikes":1,"minecraft:oak_sapling":1,"minecraft:spider_eye":3,"minecraft:bow":1,"minecraft:stone_pickaxe":2,"minecraft:wooden_pickaxe":4,"gamma_beasts:bird_thigh":1}},"DataVersion":3465}