{"stats":{"minecraft:killed":{"minecraft:pig":1,"minecraft:spider":2,"minecraft:iron_golem":1,"mowziesmobs:umvuthana_follower_raptor":14,"minecraft:skeleton":2,"minecraft:sheep":3,"minecraft:zombie":4,"alexsmobs:maned_wolf":1,"gamma_beasts:dosmos_a":1,"gamma_beasts:dosmo_c":1,"mowziesmobs:umvuthana_raptor":4},"minecraft:dropped":{"minecraft:bread":8,"minecraft:stone_axe":1,"minecraft:wheat_seeds":57,"minecraft:lime_terracotta":8,"minecraft:rotten_flesh":3,"mowziesmobs:umvuthana_mask_fear":1,"gamma_beasts:kiwi":2,"minecraft:saddle":1,"minecraft:red_bed":2,"minecraft:gunpowder":1,"mowziesmobs:umvuthana_mask_misery":1,"mowziesmobs:umvuthana_mask_bliss":1,"artifacts:steadfast_spikes":1,"minecraft:arrow":1,"minecraft:wooden_pickaxe":3,"gamma_beasts:bird_thigh":1},"minecraft:picked_up":{"mowziesmobs:umvuthana_mask_fury":1,"minecraft:crafting_table":4,"minecraft:wheat":30,"minecraft:feather":5,"minecraft:wooden_pickaxe":2,"gamma_beasts:bird_thigh":2,"minecraft:chainmail_chestplate":1,"minecraft:shield":1,"minecraft:gunpowder":3,"smarter_mobs:spider_web":3,"minecraft:dirt":10,"minecraft:string":6,"minecraft:red_bed":2,"minecraft:raw_copper":4,"gamma_beasts:acacia_leaf":2,"minecraft:bone":4,"minecraft:bow":1,"minecraft:wheat_seeds":88,"minecraft:iron_ingot":4,"minecraft:poppy":1,"minecraft:sugar_cane":12,"mowziesmobs:umvuthana_mask_misery":1,"minecraft:acacia_sapling":1,"minecraft:stick":2,"minecraft:raw_iron":1,"minecraft:sandstone":16,"minecraft:lime_terracotta":11,"minecraft:acacia_log":15,"minecraft:sand":14,"tombstone:grave_dust":2,"minecraft:blast_furnace":1,"minecraft:white_bed":2,"minecraft:orange_bed":5,"minecraft:arrow":1,"minecraft:rotten_flesh":2,"gamma_beasts:kiwi":4,"mowziesmobs:umvuthana_mask_bliss":2,"gamma_beasts:coal_nugget":8,"mowziesmobs:umvuthana_mask_fear":1,"minecraft:mutton":5,"minecraft:coal":40,"minecraft:white_wool":3,"minecraft:cobblestone":33},"minecraft:crafted":{"minecraft:crafting_table":4,"minecraft:wooden_pickaxe":2,"minecraft:furnace":2,"minecraft:stone_axe":1,"minecraft:bread":10,"minecraft:cooked_mutton":5,"minecraft:air":0,"minecraft:stick":8,"minecraft:stone_pickaxe":1,"minecraft:stone_sword":2,"minecraft:white_bed":1,"minecraft:acacia_planks":48},"minecraft:custom":{"minecraft:interact_with_furnace":4,"minecraft:mob_kills":34,"minecraft:interact_with_crafting_table":12,"minecraft:damage_dealt_resisted":79,"minecraft:leave_game":1,"minecraft:time_since_death":39562,"minecraft:sleep_in_bed":7,"minecraft:climb_one_cm":2439,"minecraft:time_since_rest":8016,"minecraft:waystone_activated":1,"minecraft:sprint_one_cm":171884,"minecraft:damage_taken":2760,"minecraft:walk_one_cm":155379,"tombstone:sneak_grave":12,"minecraft:drop":23,"minecraft:damage_dealt":5799,"minecraft:swim_one_cm":6616,"minecraft:talked_to_villager":2,"minecraft:fly_one_cm":432401,"minecraft:open_chest":10,"minecraft:crouch_one_cm":7029,"minecraft:play_time":56565,"tombstone:undead_killed":6,"minecraft:deaths":5,"minecraft:sneak_time":2468,"minecraft:walk_under_water_one_cm":1091,"minecraft:jump":1900,"minecraft:interact_with_blast_furnace":1,"minecraft:walk_on_water_one_cm":4795,"minecraft:total_world_time":56565,"minecraft:fall_one_cm":63802},"minecraft:mined":{"minecraft:acacia_leaves":1,"minecraft:white_bed":1,"minecraft:red_bed":2,"minecraft:crafting_table":3,"minecraft:blast_furnace":1,"minecraft:acacia_log":15,"minecraft:grass_block":5,"minecraft:dead_bush":3,"minecraft:copper_ore":1,"minecraft:tall_grass":3,"minecraft:sugar_cane":7,"minecraft:iron_ore":1,"minecraft:wheat":31,"gamma_beasts:acacia_hoja":1,"minecraft:grass":21,"minecraft:coal_ore":40,"minecraft:sand":14,"minecraft:stone":28,"minecraft:orange_bed":5},"minecraft:used":{"minecraft:wheat_seeds":31,"minecraft:cooked_mutton":5,"minecraft:stone_sword":111,"minecraft:acacia_log":3,"mowziesmobs:umvuthana_mask_fear":1,"minecraft:stone_pickaxe":34,"minecraft:poppy":1,"minecraft:wooden_pickaxe":51,"minecraft:sandstone":32,"minecraft:orange_bed":4,"minecraft:lime_terracotta":3,"minecraft:dirt":17,"minecraft:sand":14,"minecraft:crafting_table":7,"minecraft:white_bed":3,"minecraft:acacia_sapling":1,"minecraft:bread":31,"minecraft:stone_axe":3,"gamma_beasts:bird_thigh":1,"minecraft:cobblestone":4,"mowziesmobs:umvuthana_mask_fury":1,"minecraft:furnace":1,"tombstone:gift":5,"minecraft:acacia_planks":5},"minecraft:killed_by":{"minecraft:skeleton":1}},"DataVersion":3465}