{"stats":{"minecraft:dropped":{"minecraft:stone_axe":1,"minecraft:wheat_seeds":3,"minecraft:wooden_pickaxe":2},"minecraft:killed":{"minecraft:sheep":3,"minecraft:spider":1},"minecraft:picked_up":{"minecraft:stick":2,"minecraft:crafting_table":2,"minecraft:sandstone":16,"minecraft:wooden_pickaxe":1,"minecraft:acacia_log":15,"minecraft:sand":14,"minecraft:white_bed":2,"minecraft:gunpowder":1,"minecraft:string":5,"minecraft:dirt":7,"smarter_mobs:spider_web":3,"minecraft:wheat_seeds":3,"gamma_beasts:coal_nugget":4,"minecraft:sugar_cane":4,"minecraft:mutton":5,"minecraft:acacia_sapling":1,"minecraft:coal":17,"minecraft:white_wool":3,"minecraft:cobblestone":22},"minecraft:crafted":{"minecraft:crafting_table":2,"minecraft:stick":4,"minecraft:wooden_pickaxe":2,"minecraft:furnace":1,"minecraft:white_bed":1,"minecraft:acacia_planks":48,"minecraft:stone_axe":1,"minecraft:air":0,"minecraft:cooked_mutton":5},"minecraft:custom":{"minecraft:time_since_rest":3311,"minecraft:interact_with_furnace":4,"minecraft:sprint_one_cm":50441,"minecraft:damage_taken":1435,"minecraft:walk_one_cm":42812,"tombstone:sneak_grave":12,"minecraft:mob_kills":4,"minecraft:drop":4,"minecraft:damage_dealt":618,"minecraft:interact_with_crafting_table":6,"minecraft:swim_one_cm":5341,"minecraft:fly_one_cm":154034,"minecraft:crouch_one_cm":3154,"minecraft:play_time":20565,"minecraft:deaths":5,"minecraft:sneak_time":1243,"minecraft:walk_under_water_one_cm":914,"minecraft:jump":728,"minecraft:leave_game":1,"minecraft:time_since_death":3562,"minecraft:walk_on_water_one_cm":3855,"minecraft:sleep_in_bed":2,"minecraft:total_world_time":20565,"minecraft:fall_one_cm":24718},"minecraft:mined":{"minecraft:acacia_leaves":1,"minecraft:white_bed":1,"minecraft:crafting_table":1,"minecraft:grass":11,"minecraft:acacia_log":15,"minecraft:grass_block":1,"minecraft:coal_ore":17,"minecraft:dead_bush":3,"minecraft:sand":14,"minecraft:tall_grass":3,"minecraft:stone":18,"minecraft:sugar_cane":4},"minecraft:used":{"minecraft:cooked_mutton":2,"minecraft:acacia_log":3,"minecraft:wooden_pickaxe":46,"minecraft:sandstone":32,"minecraft:stone_axe":3,"minecraft:dirt":14,"minecraft:sand":14,"minecraft:cobblestone":4,"minecraft:crafting_table":4,"minecraft:furnace":1,"tombstone:gift":5,"minecraft:white_bed":3,"minecraft:acacia_sapling":1,"minecraft:acacia_planks":2},"minecraft:killed_by":{"minecraft:skeleton":1}},"DataVersion":3465}