{"stats":{"minecraft:killed":{"minecraft:spider":12,"minecraft:skeleton":7,"gamma_beasts:banndu_a":1,"minecraft:chicken":3,"gamma_beasts:dosmo_c":1,"minecraft:pig":6,"minecraft:zombie_villager":1,"minecraft:salmon":2,"minecraft:iron_golem":1,"mowziesmobs:umvuthana_follower_raptor":40,"minecraft:creeper":5,"minecraft:squid":1,"alexsmobs:emu":4,"minecraft:sheep":3,"alexsmobs:catfish":1,"minecraft:zombie":33,"alexsmobs:maned_wolf":1,"alexsmobs:fly":1,"gamma_beasts:dosmos_a":1,"mowziesmobs:umvuthana_raptor":10,"minecraft:cow":3},"minecraft:dropped":{"minecraft:enchanted_book":2,"minecraft:iron_ingot":5,"minecraft:bread":8,"minecraft:iron_sword":2,"minecraft:wheat_seeds":161,"gamma_beasts:oak_leaf":2,"gamma_beasts:coal_nugget":32,"minecraft:lime_terracotta":8,"minecraft:feather":4,"minecraft:cobblestone":7,"mowziesmobs:umvuthana_mask_fear":1,"minecraft:leather":1,"minecraft:granite":4,"minecraft:saddle":1,"minecraft:dirt":65,"minecraft:red_bed":2,"mowziesmobs:umvuthana_mask_bliss":2,"tombstone:grave_key":2,"minecraft:map":6,"tombstone:grave_dust":13,"minecraft:amethyst_shard":6,"minecraft:sand":3,"minecraft:cactus":16,"minecraft:paper":9,"minecraft:fishing_rod":1,"minecraft:dandelion":1,"minecraft:bone":9,"minecraft:gravel":6,"minecraft:furnace":1,"minecraft:stone_axe":1,"alexsmobs:maggot":2,"mowziesmobs:umvuthana_mask_rage":1,"minecraft:stone_sword":4,"minecraft:cobbled_deepslate":8,"minecraft:wheat":4,"minecraft:rotten_flesh":30,"gamma_beasts:kiwi":2,"minecraft:white_bed":1,"smarter_mobs:spider_web":2,"gamma_beasts:green_apple":4,"minecraft:shield":1,"minecraft:gunpowder":1,"mowziesmobs:umvuthana_mask_misery":2,"minecraft:diamond_pickaxe":1,"artifacts:steadfast_spikes":1,"minecraft:oak_sapling":1,"minecraft:spider_eye":2,"minecraft:arrow":5,"minecraft:bow":1,"minecraft:wooden_pickaxe":4,"minecraft:stone_pickaxe":2,"gamma_beasts:bird_thigh":1,"mowziesmobs:umvuthana_mask_fury":1},"minecraft:picked_up":{"minecraft:crafting_table":7,"minecraft:wheat":148,"minecraft:chainmail_boots":1,"minecraft:chicken":4,"securitycraft:furnace_mine":3,"minecraft:diamond_sword":1,"minecraft:wooden_pickaxe":2,"minecraft:enchanted_book":2,"tombstone:grave_key":1,"minecraft:shield":1,"minecraft:golden_sword":1,"minecraft:string":19,"minecraft:red_bed":2,"minecraft:raw_copper":58,"gamma_beasts:acacia_leaf":2,"minecraft:cobbled_deepslate":96,"minecraft:beef":2,"unusualprehistory:plant_fossil_item":9,"minecraft:poppy":2,"minecraft:sugar_cane":33,"minecraft:egg":1,"minecraft:furnace":1,"minecraft:stick":2,"minecraft:raw_iron":62,"minecraft:sandstone":16,"minecraft:torch":1,"minecraft:acacia_log":16,"minecraft:porkchop":17,"tombstone:grave_dust":13,"minecraft:diorite":5,"minecraft:redstone":23,"minecraft:orange_bed":9,"minecraft:cactus":26,"minecraft:stone_sword":3,"minecraft:arrow":18,"minecraft:rotten_flesh":38,"gamma_beasts:kiwi":18,"alexsmobs:emu_egg":2,"mowziesmobs:umvuthana_mask_bliss":4,"gamma_beasts:coal_nugget":32,"minecraft:mutton":5,"minecraft:white_wool":4,"minecraft:cobblestone":164,"mowziesmobs:umvuthana_mask_fury":4,"minecraft:feather":27,"minecraft:salmon":2,"minecraft:leather":2,"gamma_beasts:prehnite":8,"gamma_beasts:bird_thigh":2,"gamma_beasts:green_apple":18,"create:raw_zinc":13,"gamma_beasts:oak_leaf":2,"minecraft:chainmail_chestplate":1,"jeg:scrap":89,"minecraft:gunpowder":13,"minecraft:lapis_lazuli":64,"minecraft:dirt":101,"smarter_mobs:spider_web":10,"minecraft:paper":9,"jeg:grenade":1,"minecraft:leather_boots":1,"minecraft:bone":9,"minecraft:acacia_planks":3,"mowziesmobs:umvuthana_mask_rage":1,"minecraft:bow":2,"minecraft:wheat_seeds":396,"minecraft:raw_gold":12,"minecraft:iron_ingot":5,"minecraft:acacia_sapling":1,"minecraft:iron_sword":1,"mowziesmobs:umvuthana_mask_misery":3,"jeg:tech_trash":13,"unusualprehistory:petrified_wood_log":1,"minecraft:lime_terracotta":11,"minecraft:dandelion":2,"minecraft:gravel":10,"minecraft:sand":16,"minecraft:ink_sac":2,"minecraft:blast_furnace":3,"minecraft:white_bed":3,"minecraft:spider_eye":3,"minecraft:diamond":8,"minecraft:granite":13,"minecraft:bread":10,"mowziesmobs:umvuthana_mask_fear":1,"alexsmobs:maggot":4,"tombstone:magic_scroll":1,"minecraft:oak_sapling":1,"unusualprehistory:amber_fossil":1,"minecraft:coal":81},"minecraft:crafted":{"securitycraft:mine":3,"securitycraft:furnace_mine":1,"minecraft:fishing_rod":1,"minecraft:cooked_chicken":4,"minecraft:furnace":4,"gamma_beasts:prehnite_armor_chestplate":1,"minecraft:cooked_mutton":5,"jeg:scrap_workbench":1,"securitycraft:universal_block_remover":1,"minecraft:stone_pickaxe":2,"minecraft:diamond_sword":2,"minecraft:cooked_porkchop":8,"minecraft:crafting_table":5,"minecraft:wooden_pickaxe":2,"minecraft:iron_sword":3,"minecraft:stone_axe":1,"minecraft:air":0,"minecraft:bread":48,"jeg:scrap_block":1,"minecraft:diamond_pickaxe":2,"minecraft:stick":28,"minecraft:iron_ingot":13,"minecraft:iron_pickaxe":1,"minecraft:iron_block":3,"minecraft:stone_sword":2,"minecraft:anvil":1,"minecraft:white_bed":1,"minecraft:acacia_planks":52,"minecraft:shears":1,"create:zinc_ingot":13},"minecraft:custom":{"minecraft:interact_with_anvil":1,"minecraft:mob_kills":138,"minecraft:interact_with_crafting_table":32,"minecraft:open_barrel":6,"minecraft:damage_dealt_resisted":345,"minecraft:leave_game":19,"minecraft:time_since_death":51535,"minecraft:climb_one_cm":2439,"minecraft:damage_resisted":51,"minecraft:sprint_one_cm":607292,"minecraft:walk_one_cm":673963,"minecraft:drop":98,"minecraft:talked_to_villager":2,"minecraft:play_time":215805,"minecraft:deaths":15,"minecraft:sneak_time":8846,"minecraft:walk_under_water_one_cm":44460,"minecraft:jump":6986,"minecraft:interact_with_blast_furnace":10,"minecraft:walk_on_water_one_cm":52998,"minecraft:total_world_time":215805,"minecraft:interact_with_furnace":47,"minecraft:sleep_in_bed":15,"minecraft:time_since_rest":13114,"minecraft:waystone_activated":1,"minecraft:damage_taken":8446,"tombstone:sneak_grave":12,"minecraft:damage_dealt":21522,"minecraft:swim_one_cm":76722,"minecraft:fly_one_cm":2010408,"minecraft:open_chest":41,"minecraft:crouch_one_cm":28659,"tombstone:undead_killed":41,"minecraft:fall_one_cm":208446},"minecraft:mined":{"create:zinc_ore":13,"minecraft:tuff":36,"minecraft:white_bed":1,"gamma_beasts:roble_hoja_1":1,"minecraft:deepslate_diamond_ore":8,"gamma_beasts:roblo_hoja":6,"unusualprehistory:stone_amber_ore":3,"minecraft:granite":13,"minecraft:acacia_log":15,"minecraft:grass_block":13,"unusualprehistory:plant_fossil":3,"minecraft:furnace":1,"minecraft:iron_ore":18,"minecraft:cobbled_deepslate":1,"gamma_beasts:prehnite_ore":8,"minecraft:deepslate_lapis_ore":11,"gamma_beasts:acacia_hoja":8,"minecraft:deepslate_iron_ore":44,"minecraft:stone":172,"minecraft:white_wool":2,"unusualprehistory:petrified_wood_log":1,"minecraft:orange_bed":9,"minecraft:deepslate_redstone_ore":5,"minecraft:acacia_leaves":1,"unusualprehistory:deepslate_plant_fossil":7,"jeg:scrap_ore":30,"smarter_mobs:spider_web":1,"minecraft:red_bed":2,"gamma_beasts:acacia_hoja_1":1,"minecraft:crafting_table":6,"minecraft:blast_furnace":3,"minecraft:dead_bush":6,"minecraft:copper_ore":15,"minecraft:tall_grass":3,"minecraft:cobblestone":8,"minecraft:deepslate_gold_ore":5,"minecraft:sugar_cane":19,"jeg:deepslate_scrap_ore":20,"minecraft:cactus":6,"minecraft:wheat":154,"unusualprehistory:tar":14,"minecraft:grass":31,"minecraft:coal_ore":64,"minecraft:sand":14,"minecraft:gravel":16,"minecraft:dirt":7,"unusualprehistory:splattered_tar":1,"minecraft:oak_leaves":2,"minecraft:acacia_planks":3,"minecraft:gold_ore":7,"minecraft:deepslate":371},"minecraft:used":{"alexsmobs:emu_egg":2,"minecraft:stone_sword":140,"minecraft:acacia_log":3,"mowziesmobs:umvuthana_mask_misery":2,"mowziesmobs:umvuthana_mask_fear":1,"minecraft:poppy":2,"gamma_beasts:green_apple":14,"minecraft:iron_sword":162,"minecraft:cooked_chicken":4,"minecraft:orange_bed":9,"minecraft:torch":2,"minecraft:dirt":40,"minecraft:anvil":1,"minecraft:acacia_sapling":1,"minecraft:granite":9,"jeg:grenade":1,"minecraft:golden_sword":1,"mowziesmobs:umvuthana_mask_rage":2,"minecraft:bow":6,"minecraft:furnace":3,"tombstone:gift":6,"minecraft:egg":1,"minecraft:cobbled_deepslate":88,"minecraft:acacia_planks":8,"unusualprehistory:tar_bucket":5,"minecraft:wheat_seeds":180,"minecraft:cooked_mutton":5,"minecraft:water_bucket":78,"minecraft:diorite":5,"minecraft:stone_pickaxe":98,"minecraft:wooden_pickaxe":51,"minecraft:sandstone":32,"minecraft:sugar_cane":8,"minecraft:leather_boots":1,"minecraft:lime_terracotta":3,"minecraft:sand":19,"minecraft:crafting_table":12,"minecraft:blast_furnace":3,"securitycraft:universal_block_remover":3,"minecraft:white_bed":3,"securitycraft:furnace_mine":3,"smarter_mobs:spider_web":6,"gamma_beasts:kiwi":16,"minecraft:diamond_pickaxe":651,"minecraft:iron_pickaxe":108,"minecraft:bread":64,"minecraft:gravel":4,"jeg:scrap_workbench":1,"unusualprehistory:petrified_wood_log":1,"minecraft:stone_axe":3,"gamma_beasts:bird_thigh":1,"minecraft:diamond_sword":125,"minecraft:fishing_rod":4,"minecraft:cobblestone":140,"mowziesmobs:umvuthana_mask_fury":6,"minecraft:porkchop":4,"minecraft:cooked_porkchop":8,"minecraft:bucket":84,"alexsmobs:animal_dictionary":2,"minecraft:dandelion":1},"minecraft:broken":{"minecraft:chainmail_boots":1,"minecraft:golden_sword":1,"minecraft:chainmail_chestplate":1,"mowziesmobs:umvuthana_mask_fury":1,"minecraft:leather_boots":1},"minecraft:killed_by":{"minecraft:player":2,"minecraft:skeleton":1,"minecraft:zombie":1}},"DataVersion":3465}