{"stats":{"minecraft:killed":{"minecraft:husk":1,"minecraft:pig":1,"mowziesmobs:umvuthana_follower_raptor":5,"minecraft:creeper":2,"minecraft:sheep":12,"minecraft:zombie":2,"alexsmobs:terrapin":1,"alexsmobs:crow":1,"alexsmobs:kangaroo":1},"minecraft:dropped":{"minecraft:wheat_seeds":1,"minecraft:lime_terracotta":4,"minecraft:cobblestone":2,"minecraft:apple":3,"gamma_beasts:kiwi":1,"minecraft:acacia_stairs":4,"minecraft:coal":1,"minecraft:red_bed":1,"mowziesmobs:umvuthana_mask_misery":2,"tombstone:grave_key":3,"minecraft:acacia_sapling":2,"tombstone:grave_dust":1,"minecraft:wooden_pickaxe":1,"minecraft:string":1,"minecraft:black_wool":1},"minecraft:picked_up":{"minecraft:feather":12,"gamma_beasts:fur":5,"minecraft:wooden_pickaxe":1,"gamma_beasts:bird_thigh":1,"minecraft:oak_log":34,"minecraft:string":1,"minecraft:dirt":30,"minecraft:red_bed":4,"minecraft:raw_copper":11,"gamma_beasts:acacia_leaf":3,"minecraft:apple":2,"minecraft:wheat_seeds":2,"minecraft:rabbit_hide":1,"artifacts:steadfast_spikes":1,"minecraft:rabbit":1,"minecraft:acacia_sapling":1,"mowziesmobs:umvuthana_mask_misery":2,"minecraft:furnace":1,"minecraft:stick":2,"minecraft:sandstone":11,"minecraft:torch":1,"minecraft:acacia_log":30,"minecraft:lime_terracotta":4,"minecraft:porkchop":4,"minecraft:sand":32,"tombstone:grave_dust":1,"minecraft:acacia_stairs":4,"minecraft:stone_sword":2,"alexsmobs:kangaroo_hide":1,"minecraft:rotten_flesh":7,"minecraft:stone_axe":1,"gamma_beasts:kiwi":17,"minecraft:iron_helmet":1,"mowziesmobs:umvuthana_mask_bliss":1,"gamma_beasts:coal_nugget":2,"minecraft:saddle":1,"minecraft:bread":8,"mowziesmobs:umvuthana_mask_fear":1,"minecraft:black_wool":1,"minecraft:mutton":18,"minecraft:coal":11,"alexsmobs:kangaroo_meat":2,"minecraft:white_wool":10,"minecraft:cobblestone":81},"minecraft:crafted":{"minecraft:oak_planks":72,"minecraft:crafting_table":2,"minecraft:stone_axe":1,"minecraft:stick":12,"minecraft:stone_pickaxe":3,"minecraft:torch":16},"minecraft:custom":{"minecraft:interact_with_furnace":5,"minecraft:mob_kills":28,"minecraft:interact_with_crafting_table":2,"minecraft:damage_dealt_resisted":71,"minecraft:leave_game":3,"minecraft:time_since_death":59277,"minecraft:sleep_in_bed":4,"minecraft:climb_one_cm":776,"minecraft:time_since_rest":12253,"minecraft:waystone_activated":1,"minecraft:damage_taken":2357,"minecraft:sprint_one_cm":266963,"minecraft:walk_one_cm":261653,"minecraft:drop":23,"minecraft:damage_dealt":3448,"minecraft:talked_to_villager":4,"minecraft:fly_one_cm":412221,"minecraft:open_chest":2,"minecraft:crouch_one_cm":288,"tombstone:undead_killed":2,"minecraft:play_time":76949,"minecraft:deaths":4,"minecraft:sneak_time":63,"minecraft:walk_under_water_one_cm":7279,"minecraft:jump":1684,"minecraft:interact_with_blast_furnace":4,"minecraft:walk_on_water_one_cm":11074,"minecraft:total_world_time":76949,"minecraft:fall_one_cm":37179},"minecraft:mined":{"minecraft:red_bed":2,"minecraft:acacia_log":34,"minecraft:grass_block":5,"minecraft:dead_bush":3,"minecraft:copper_ore":4,"minecraft:tall_grass":2,"minecraft:wall_torch":1,"minecraft:coal_ore":11,"minecraft:grass":10,"gamma_beasts:acacia_hoja":9,"minecraft:oak_log":37,"minecraft:sand":4,"minecraft:dirt":2,"minecraft:stone":87},"minecraft:used":{"minecraft:stone_sword":10,"minecraft:stone_pickaxe":103,"minecraft:wooden_pickaxe":23,"minecraft:sandstone":4,"minecraft:torch":7,"minecraft:dirt":5,"minecraft:sand":9,"minecraft:mutton":8,"minecraft:crafting_table":2,"minecraft:red_bed":3,"gamma_beasts:kiwi":16,"minecraft:bread":11,"minecraft:stone_axe":115,"gamma_beasts:bird_thigh":1,"minecraft:furnace":1},"minecraft:broken":{"minecraft:stone_axe":1},"minecraft:killed_by":{"minecraft:spider":2}},"DataVersion":3465}