{"stats":{"minecraft:killed":{"alexsmobs:raccoon":1,"minecraft:spider":7,"minecraft:skeleton":10,"minecraft:chicken":2,"alexsmobs:kangaroo":1,"minecraft:husk":1,"minecraft:pig":2,"mowziesmobs:umvuthana_follower_raptor":9,"minecraft:creeper":5,"minecraft:sheep":12,"minecraft:zombie":24,"alexsmobs:terrapin":1,"alexsmobs:fly":1,"alexsmobs:crow":1,"mowziesmobs:umvuthana_raptor":1,"minecraft:enderman":1},"minecraft:dropped":{"minecraft:enchanted_book":2,"minecraft:wheat_seeds":4,"gamma_beasts:coal_nugget":5,"unusualprehistory:mezo_fossil":6,"minecraft:lime_terracotta":4,"minecraft:cobblestone":2,"minecraft:apple":3,"minecraft:coal":5,"minecraft:leather_helmet":2,"minecraft:flint":2,"minecraft:red_bed":1,"tombstone:grave_key":5,"tombstone:grave_dust":6,"minecraft:string":7,"minecraft:dandelion":1,"minecraft:bone":17,"minecraft:oak_door":2,"minecraft:gravel":15,"minecraft:wheat":2,"minecraft:rotten_flesh":36,"gamma_beasts:kiwi":1,"minecraft:acacia_stairs":4,"smarter_mobs:spider_web":2,"alexsmobs:kangaroo_hide":1,"minecraft:rabbit_hide":1,"minecraft:potato":1,"mowziesmobs:umvuthana_mask_misery":2,"minecraft:bundle":1,"minecraft:oak_sapling":4,"minecraft:acacia_sapling":2,"minecraft:leather_leggings":1,"minecraft:spider_eye":4,"minecraft:wooden_pickaxe":1,"minecraft:arrow":10,"minecraft:stone_pickaxe":1,"minecraft:black_wool":1},"minecraft:picked_up":{"minecraft:fishing_rod":1,"minecraft:crafting_table":1,"minecraft:wheat":46,"unusualprehistory:amber_shard":2,"minecraft:golden_pickaxe":1,"minecraft:leather_leggings":3,"gamma_beasts:fur":5,"minecraft:wooden_pickaxe":1,"minecraft:enchanted_book":3,"minecraft:diamond_horse_armor":1,"tombstone:grave_key":1,"minecraft:golden_sword":1,"minecraft:string":10,"minecraft:red_bed":4,"minecraft:raw_copper":261,"gamma_beasts:acacia_leaf":3,"minecraft:diamond_leggings":1,"unusualprehistory:plant_fossil_item":18,"minecraft:sugar_cane":15,"minecraft:iron_boots":1,"minecraft:furnace":2,"minecraft:egg":3,"minecraft:stick":4,"minecraft:raw_iron":56,"minecraft:sandstone":11,"minecraft:oak_door":1,"minecraft:torch":11,"minecraft:acacia_log":49,"minecraft:porkchop":6,"tombstone:grave_dust":12,"minecraft:diorite":18,"minecraft:orange_bed":1,"minecraft:stone_sword":2,"minecraft:arrow":24,"minecraft:rotten_flesh":72,"minecraft:pumpkin_pie":4,"gamma_beasts:kiwi":17,"mowziesmobs:umvuthana_mask_bliss":1,"gamma_beasts:coal_nugget":50,"minecraft:saddle":2,"minecraft:mutton":18,"alexsmobs:kangaroo_meat":2,"minecraft:white_wool":10,"minecraft:cobblestone":3552,"minecraft:leather_chestplate":1,"minecraft:feather":24,"minecraft:andesite":30,"gamma_beasts:prehnite":22,"minecraft:potato":2,"gamma_beasts:bird_thigh":1,"minecraft:flint":2,"minecraft:oak_log":37,"create:raw_zinc":32,"gamma_beasts:green_apple":4,"jeg:scrap":86,"minecraft:gunpowder":5,"minecraft:cobblestone_stairs":13,"minecraft:dirt":797,"smarter_mobs:spider_web":4,"minecraft:leather_boots":1,"minecraft:bone":39,"minecraft:acacia_planks":1,"minecraft:apple":2,"mowziesmobs:umvuthana_mask_rage":1,"minecraft:wheat_seeds":140,"minecraft:rabbit_hide":1,"minecraft:iron_ingot":36,"minecraft:stone_pickaxe":1,"artifacts:steadfast_spikes":1,"minecraft:rabbit":1,"minecraft:acacia_sapling":1,"minecraft:iron_sword":3,"mowziesmobs:umvuthana_mask_misery":2,"jeg:tech_trash":5,"minecraft:lime_terracotta":4,"minecraft:dandelion":1,"minecraft:dripstone_block":1,"minecraft:gravel":17,"minecraft:sand":32,"minecraft:grass_block":1,"minecraft:acacia_stairs":4,"minecraft:spider_eye":5,"minecraft:leather_helmet":2,"minecraft:bundle":2,"alexsmobs:kangaroo_hide":1,"minecraft:diamond":6,"minecraft:stone_axe":1,"minecraft:iron_helmet":2,"minecraft:granite":2,"minecraft:bread":8,"mowziesmobs:umvuthana_mask_fear":1,"minecraft:oak_sapling":4,"minecraft:black_wool":1,"minecraft:coal":187,"unusualprehistory:mezo_fossil":6,"minecraft:diamond_pickaxe":1},"minecraft:crafted":{"minecraft:oak_door":9,"minecraft:oak_planks":146,"minecraft:stone_shovel":1,"minecraft:cobblestone_stairs":74,"minecraft:bone_meal":45,"minecraft:ladder":53,"minecraft:stone_pickaxe":6,"minecraft:chest":4,"minecraft:wheat":540,"minecraft:cooked_beef":2,"minecraft:cooked_porkchop":2,"minecraft:crafting_table":5,"alexsmobs:cooked_kangaroo_meat":2,"minecraft:copper_ingot":272,"minecraft:cooked_salmon":2,"minecraft:stone_axe":1,"minecraft:air":0,"minecraft:bread":89,"minecraft:wooden_hoe":1,"minecraft:diamond_pickaxe":2,"minecraft:stick":256,"minecraft:iron_ingot":62,"minecraft:iron_pickaxe":1,"minecraft:iron_shovel":3,"minecraft:acacia_planks":192,"minecraft:torch":290},"minecraft:custom":{"minecraft:interact_with_anvil":9,"minecraft:mob_kills":84,"minecraft:interact_with_crafting_table":50,"minecraft:damage_dealt_resisted":100,"minecraft:leave_game":6,"minecraft:time_since_death":118659,"minecraft:climb_one_cm":25572,"minecraft:sprint_one_cm":737688,"minecraft:walk_one_cm":1784236,"minecraft:drop":67,"minecraft:damage_dealt_absorbed":80,"minecraft:talked_to_villager":4,"minecraft:play_time":451603,"minecraft:deaths":7,"minecraft:sneak_time":37214,"minecraft:walk_under_water_one_cm":7838,"minecraft:jump":4168,"minecraft:interact_with_blast_furnace":31,"minecraft:walk_on_water_one_cm":17591,"minecraft:total_world_time":451603,"minecraft:interact_with_furnace":59,"minecraft:sleep_in_bed":22,"minecraft:time_since_rest":51419,"minecraft:waystone_activated":1,"minecraft:damage_taken":5402,"minecraft:damage_dealt":11306,"minecraft:fly_one_cm":925029,"minecraft:open_chest":129,"minecraft:crouch_one_cm":168070,"tombstone:undead_killed":34,"minecraft:fall_one_cm":70941},"minecraft:used":{"minecraft:oak_trapdoor":1,"minecraft:iron_shovel":501,"minecraft:stone_sword":38,"minecraft:enchanting_table":1,"minecraft:armor_stand":2,"minecraft:stone_shovel":131,"minecraft:diamond_hoe":4,"minecraft:ladder":28,"minecraft:chest":20,"gamma_beasts:green_apple":4,"minecraft:iron_sword":143,"minecraft:cooked_salmon":2,"minecraft:oak_door":6,"minecraft:torch":342,"jeg:burst_rifle":26,"minecraft:mutton":8,"minecraft:dirt":565,"minecraft:anvil":1,"alexsmobs:cooked_kangaroo_meat":2,"minecraft:granite":1,"minecraft:spruce_fence":90,"minecraft:bookshelf":31,"minecraft:grass_block":58,"minecraft:melon_seeds":20,"minecraft:golden_sword":32,"minecraft:furnace":5,"tombstone:gift":4,"jeg:semi_auto_rifle":42,"minecraft:egg":3,"minecraft:potato":2,"minecraft:cooked_beef":2,"minecraft:acacia_planks":61,"minecraft:wheat_seeds":45,"minecraft:water_bucket":8,"minecraft:cobblestone_stairs":204,"minecraft:oak_planks":2,"minecraft:stone_pickaxe":689,"minecraft:birch_wood":2,"minecraft:wooden_pickaxe":23,"minecraft:sandstone":4,"minecraft:sand":9,"jeg:gunmetal_workbench":1,"minecraft:crafting_table":6,"jeg:typhoonee":5,"minecraft:red_bed":5,"minecraft:blast_furnace":3,"gamma_beasts:kiwi":16,"minecraft:wooden_hoe":27,"minecraft:diamond_pickaxe":3148,"minecraft:iron_pickaxe":391,"minecraft:bread":31,"minecraft:gravel":2,"gamma_beasts:bird_thigh":1,"minecraft:stone_axe":124,"jeg:scrap_workbench":1,"minecraft:fishing_rod":5,"minecraft:cobblestone":3739,"minecraft:porkchop":6,"minecraft:cooked_porkchop":2,"minecraft:andesite":4,"minecraft:pumpkin_pie":4,"minecraft:golden_pickaxe":9,"minecraft:bone_meal":45},"minecraft:mined":{"create:zinc_ore":34,"minecraft:cobblestone_stairs":12,"unusualprehistory:stone_amber_ore":3,"minecraft:glow_lichen":1,"minecraft:granite":4,"minecraft:acacia_log":47,"minecraft:grass_block":417,"unusualprehistory:plant_fossil":18,"minecraft:iron_ore":37,"gamma_beasts:prehnite_ore":10,"minecraft:andesite":36,"gamma_beasts:acacia_hoja":9,"minecraft:dirt_path":1,"minecraft:stone":3631,"jeg:scrap_ore":40,"smarter_mobs:spider_web":2,"minecraft:red_bed":2,"minecraft:dead_bush":3,"minecraft:copper_ore":80,"minecraft:tall_grass":2,"minecraft:cobblestone":98,"minecraft:sugar_cane":10,"minecraft:wall_torch":4,"minecraft:diorite":18,"minecraft:light_blue_terracotta":1,"minecraft:blue_terracotta":1,"minecraft:wheat":56,"unusualprehistory:stone_fossil":7,"minecraft:grass":30,"minecraft:coal_ore":144,"minecraft:oak_log":46,"minecraft:sand":4,"minecraft:gravel":25,"minecraft:dripstone_block":4,"minecraft:dirt":381,"minecraft:acacia_planks":1,"minecraft:oak_leaves":74,"minecraft:deepslate":1},"minecraft:broken":{"minecraft:iron_shovel":2,"mowziesmobs:umvuthana_mask_rage":1,"minecraft:stone_pickaxe":5,"minecraft:golden_sword":1,"minecraft:stone_axe":1,"minecraft:iron_pickaxe":2,"minecraft:golden_pickaxe":1,"minecraft:stone_shovel":1},"minecraft:killed_by":{"minecraft:spider":2}},"DataVersion":3465}