{"stats":{"minecraft:killed":{"alexsmobs:raccoon":1,"minecraft:spider":3,"minecraft:chicken":2,"alexsmobs:kangaroo":1,"minecraft:husk":1,"minecraft:pig":2,"mowziesmobs:umvuthana_follower_raptor":6,"minecraft:creeper":2,"minecraft:sheep":12,"minecraft:zombie":13,"alexsmobs:terrapin":1,"alexsmobs:crow":1,"mowziesmobs:umvuthana_raptor":1},"minecraft:dropped":{"minecraft:enchanted_book":2,"minecraft:wheat_seeds":4,"gamma_beasts:coal_nugget":5,"minecraft:lime_terracotta":4,"minecraft:cobblestone":2,"minecraft:apple":3,"minecraft:coal":2,"minecraft:leather_helmet":2,"minecraft:flint":2,"minecraft:red_bed":1,"tombstone:grave_key":5,"tombstone:grave_dust":4,"minecraft:string":5,"minecraft:dandelion":1,"minecraft:bone":14,"minecraft:oak_door":2,"minecraft:rotten_flesh":18,"gamma_beasts:kiwi":1,"minecraft:acacia_stairs":4,"smarter_mobs:spider_web":2,"alexsmobs:kangaroo_hide":1,"minecraft:rabbit_hide":1,"mowziesmobs:umvuthana_mask_misery":2,"minecraft:acacia_sapling":2,"minecraft:oak_sapling":1,"minecraft:leather_leggings":1,"minecraft:spider_eye":3,"minecraft:stone_pickaxe":1,"minecraft:arrow":10,"minecraft:wooden_pickaxe":1,"minecraft:black_wool":1},"minecraft:picked_up":{"minecraft:fishing_rod":1,"minecraft:crafting_table":1,"minecraft:wheat":19,"gamma_beasts:fur":5,"minecraft:golden_pickaxe":1,"minecraft:leather_leggings":2,"minecraft:wooden_pickaxe":1,"minecraft:enchanted_book":3,"tombstone:grave_key":1,"minecraft:string":5,"minecraft:red_bed":4,"minecraft:raw_copper":36,"gamma_beasts:acacia_leaf":3,"minecraft:sugar_cane":1,"minecraft:furnace":2,"minecraft:egg":3,"minecraft:stick":2,"minecraft:raw_iron":18,"minecraft:sandstone":11,"minecraft:oak_door":1,"minecraft:torch":4,"minecraft:acacia_log":36,"minecraft:porkchop":6,"tombstone:grave_dust":4,"minecraft:orange_bed":1,"minecraft:stone_sword":2,"minecraft:arrow":14,"minecraft:rotten_flesh":37,"gamma_beasts:kiwi":17,"mowziesmobs:umvuthana_mask_bliss":1,"gamma_beasts:coal_nugget":22,"minecraft:saddle":1,"minecraft:mutton":18,"alexsmobs:kangaroo_meat":2,"minecraft:white_wool":10,"minecraft:cobblestone":1446,"minecraft:leather_chestplate":1,"minecraft:feather":22,"gamma_beasts:bird_thigh":1,"minecraft:flint":2,"minecraft:oak_log":34,"gamma_beasts:green_apple":4,"minecraft:cobblestone_stairs":7,"minecraft:dirt":291,"smarter_mobs:spider_web":4,"minecraft:bone":28,"minecraft:apple":2,"mowziesmobs:umvuthana_mask_rage":1,"minecraft:wheat_seeds":60,"minecraft:rabbit_hide":1,"minecraft:stone_pickaxe":1,"minecraft:iron_ingot":36,"artifacts:steadfast_spikes":1,"minecraft:rabbit":1,"mowziesmobs:umvuthana_mask_misery":2,"minecraft:acacia_sapling":1,"minecraft:iron_sword":3,"minecraft:lime_terracotta":4,"minecraft:dandelion":1,"minecraft:gravel":13,"minecraft:sand":32,"minecraft:acacia_stairs":4,"minecraft:spider_eye":3,"minecraft:leather_helmet":2,"alexsmobs:kangaroo_hide":1,"minecraft:stone_axe":1,"minecraft:iron_helmet":2,"minecraft:granite":1,"minecraft:bread":8,"mowziesmobs:umvuthana_mask_fear":1,"minecraft:oak_sapling":1,"minecraft:black_wool":1,"minecraft:coal":112,"minecraft:diamond_pickaxe":1},"minecraft:crafted":{"minecraft:oak_door":6,"minecraft:oak_planks":136,"minecraft:stone_shovel":1,"minecraft:cobblestone_stairs":62,"minecraft:stone_pickaxe":6,"minecraft:chest":2,"minecraft:cooked_beef":2,"minecraft:cooked_porkchop":2,"minecraft:crafting_table":3,"alexsmobs:cooked_kangaroo_meat":2,"minecraft:cooked_salmon":2,"minecraft:stone_axe":1,"minecraft:stick":106,"minecraft:iron_pickaxe":1,"minecraft:iron_shovel":1,"minecraft:acacia_planks":4,"minecraft:torch":144},"minecraft:custom":{"minecraft:mob_kills":49,"minecraft:interact_with_crafting_table":26,"minecraft:damage_dealt_resisted":76,"minecraft:leave_game":3,"minecraft:time_since_death":34895,"minecraft:climb_one_cm":776,"minecraft:sprint_one_cm":346263,"minecraft:walk_one_cm":889898,"minecraft:drop":53,"minecraft:talked_to_villager":4,"minecraft:play_time":202949,"minecraft:deaths":6,"minecraft:sneak_time":7984,"minecraft:walk_under_water_one_cm":7592,"minecraft:jump":2524,"minecraft:interact_with_blast_furnace":4,"minecraft:walk_on_water_one_cm":15743,"minecraft:total_world_time":202949,"minecraft:interact_with_furnace":37,"minecraft:sleep_in_bed":12,"minecraft:time_since_rest":11719,"minecraft:waystone_activated":1,"minecraft:damage_taken":4009,"minecraft:damage_dealt":6244,"minecraft:fly_one_cm":467654,"minecraft:open_chest":36,"minecraft:crouch_one_cm":31519,"tombstone:undead_killed":13,"minecraft:fall_one_cm":50043},"minecraft:mined":{"minecraft:cobblestone_stairs":6,"minecraft:granite":1,"minecraft:acacia_log":34,"minecraft:grass_block":132,"gamma_beasts:acacia_hoja":9,"minecraft:dirt_path":1,"minecraft:stone":1483,"smarter_mobs:spider_web":2,"minecraft:red_bed":2,"minecraft:dead_bush":3,"minecraft:tall_grass":2,"minecraft:copper_ore":11,"minecraft:cobblestone":12,"minecraft:sugar_cane":1,"minecraft:wall_torch":1,"minecraft:light_blue_terracotta":1,"minecraft:blue_terracotta":1,"minecraft:wheat":22,"minecraft:grass":18,"minecraft:oak_log":37,"minecraft:coal_ore":67,"minecraft:gravel":15,"minecraft:dirt":106,"minecraft:sand":4,"minecraft:oak_leaves":3},"minecraft:used":{"minecraft:stone_sword":38,"minecraft:iron_shovel":86,"minecraft:stone_shovel":131,"minecraft:chest":2,"gamma_beasts:green_apple":4,"minecraft:iron_sword":38,"minecraft:oak_door":4,"minecraft:torch":91,"minecraft:dirt":262,"minecraft:mutton":8,"alexsmobs:cooked_kangaroo_meat":2,"minecraft:granite":1,"minecraft:furnace":2,"tombstone:gift":4,"minecraft:egg":3,"minecraft:cooked_beef":2,"minecraft:cobblestone_stairs":58,"minecraft:stone_pickaxe":689,"minecraft:wooden_pickaxe":23,"minecraft:sandstone":4,"minecraft:sand":9,"minecraft:crafting_table":4,"minecraft:red_bed":3,"gamma_beasts:kiwi":16,"minecraft:diamond_pickaxe":501,"minecraft:bread":11,"minecraft:iron_pickaxe":391,"minecraft:gravel":2,"minecraft:stone_axe":124,"gamma_beasts:bird_thigh":1,"minecraft:fishing_rod":5,"minecraft:cobblestone":343,"minecraft:cooked_porkchop":2,"minecraft:porkchop":6,"minecraft:golden_pickaxe":9},"minecraft:broken":{"minecraft:stone_pickaxe":5,"minecraft:stone_axe":1,"minecraft:iron_pickaxe":2,"minecraft:golden_pickaxe":1,"minecraft:stone_shovel":1},"minecraft:killed_by":{"minecraft:spider":2}},"DataVersion":3465}