{"stats":{"minecraft:killed":{"minecraft:sheep":10,"minecraft:husk":1,"minecraft:zombie":1,"minecraft:pig":1,"mowziesmobs:umvuthana_follower_raptor":2,"alexsmobs:kangaroo":1},"minecraft:picked_up":{"minecraft:stick":2,"minecraft:sandstone":11,"minecraft:feather":6,"gamma_beasts:fur":5,"minecraft:wooden_pickaxe":1,"minecraft:acacia_log":19,"gamma_beasts:bird_thigh":1,"minecraft:porkchop":1,"minecraft:sand":32,"minecraft:oak_log":6,"minecraft:string":1,"alexsmobs:kangaroo_hide":1,"minecraft:rotten_flesh":3,"minecraft:stone_axe":1,"minecraft:wheat_seeds":2,"minecraft:rabbit_hide":1,"minecraft:bread":8,"artifacts:steadfast_spikes":1,"minecraft:rabbit":1,"minecraft:black_wool":1,"minecraft:mutton":15,"mowziesmobs:umvuthana_mask_misery":2,"alexsmobs:kangaroo_meat":2,"minecraft:white_wool":8},"minecraft:custom":{"minecraft:time_since_rest":16816,"minecraft:waystone_activated":1,"minecraft:sprint_one_cm":134360,"minecraft:damage_taken":1609,"minecraft:walk_one_cm":118837,"minecraft:mob_kills":17,"minecraft:damage_dealt":2182,"minecraft:talked_to_villager":1,"minecraft:fly_one_cm":246860,"minecraft:open_chest":2,"minecraft:crouch_one_cm":83,"minecraft:play_time":34949,"tombstone:undead_killed":1,"minecraft:deaths":4,"minecraft:sneak_time":18,"minecraft:walk_under_water_one_cm":3772,"minecraft:damage_dealt_resisted":52,"minecraft:jump":923,"minecraft:leave_game":3,"minecraft:time_since_death":17277,"minecraft:walk_on_water_one_cm":6812,"minecraft:total_world_time":34949,"minecraft:fall_one_cm":22864},"minecraft:mined":{"minecraft:grass":2,"minecraft:acacia_log":21,"minecraft:oak_log":6,"minecraft:dead_bush":3,"minecraft:sand":4},"minecraft:used":{"minecraft:bread":5,"minecraft:sandstone":4,"minecraft:stone_axe":54,"gamma_beasts:bird_thigh":1,"minecraft:sand":9,"minecraft:mutton":7},"minecraft:killed_by":{"minecraft:spider":2}},"DataVersion":3465}