{"stats":{"minecraft:killed":{"minecraft:husk":1,"minecraft:pig":2,"minecraft:spider":1,"mowziesmobs:umvuthana_follower_raptor":6,"minecraft:creeper":2,"minecraft:sheep":12,"minecraft:zombie":12,"alexsmobs:terrapin":1,"minecraft:chicken":2,"alexsmobs:crow":1,"alexsmobs:kangaroo":1},"minecraft:dropped":{"minecraft:enchanted_book":1,"minecraft:wheat_seeds":1,"minecraft:lime_terracotta":4,"minecraft:cobblestone":2,"minecraft:apple":3,"gamma_beasts:kiwi":1,"minecraft:acacia_stairs":4,"minecraft:coal":1,"minecraft:red_bed":1,"mowziesmobs:umvuthana_mask_misery":2,"tombstone:grave_key":5,"minecraft:oak_sapling":1,"minecraft:acacia_sapling":2,"tombstone:grave_dust":1,"minecraft:wooden_pickaxe":1,"minecraft:string":1,"minecraft:black_wool":1},"minecraft:picked_up":{"minecraft:fishing_rod":1,"minecraft:leather_chestplate":1,"minecraft:feather":19,"minecraft:leather_leggings":1,"minecraft:golden_pickaxe":1,"gamma_beasts:fur":5,"minecraft:wooden_pickaxe":1,"gamma_beasts:bird_thigh":1,"minecraft:enchanted_book":1,"gamma_beasts:green_apple":4,"minecraft:oak_log":34,"tombstone:grave_key":1,"smarter_mobs:spider_web":2,"minecraft:string":1,"minecraft:dirt":140,"minecraft:red_bed":4,"minecraft:raw_copper":11,"gamma_beasts:acacia_leaf":3,"minecraft:bone":9,"minecraft:apple":2,"minecraft:wheat_seeds":2,"minecraft:rabbit_hide":1,"artifacts:steadfast_spikes":1,"minecraft:rabbit":1,"minecraft:iron_sword":1,"minecraft:acacia_sapling":1,"mowziesmobs:umvuthana_mask_misery":2,"minecraft:egg":3,"minecraft:furnace":1,"minecraft:stick":2,"minecraft:sandstone":11,"minecraft:torch":2,"minecraft:acacia_log":36,"minecraft:lime_terracotta":4,"minecraft:porkchop":6,"minecraft:sand":32,"tombstone:grave_dust":4,"minecraft:acacia_stairs":4,"minecraft:stone_sword":2,"alexsmobs:kangaroo_hide":1,"minecraft:arrow":5,"minecraft:rotten_flesh":16,"minecraft:stone_axe":1,"gamma_beasts:kiwi":17,"minecraft:iron_helmet":2,"minecraft:granite":1,"mowziesmobs:umvuthana_mask_bliss":1,"gamma_beasts:coal_nugget":5,"minecraft:saddle":1,"minecraft:bread":8,"mowziesmobs:umvuthana_mask_fear":1,"minecraft:oak_sapling":1,"minecraft:black_wool":1,"minecraft:mutton":18,"minecraft:coal":32,"alexsmobs:kangaroo_meat":2,"minecraft:white_wool":10,"minecraft:cobblestone":229},"minecraft:crafted":{"minecraft:cooked_beef":2,"minecraft:oak_door":3,"minecraft:oak_planks":72,"minecraft:stone_shovel":1,"minecraft:crafting_table":3,"alexsmobs:cooked_kangaroo_meat":2,"minecraft:stone_axe":1,"minecraft:stick":16,"minecraft:chest":2,"minecraft:stone_pickaxe":3,"minecraft:acacia_planks":4,"minecraft:torch":16},"minecraft:custom":{"minecraft:interact_with_furnace":16,"minecraft:mob_kills":44,"minecraft:interact_with_crafting_table":7,"minecraft:damage_dealt_resisted":71,"minecraft:leave_game":3,"minecraft:time_since_death":39674,"minecraft:sleep_in_bed":5,"minecraft:climb_one_cm":776,"minecraft:time_since_rest":39034,"minecraft:waystone_activated":1,"minecraft:damage_taken":3644,"minecraft:sprint_one_cm":304071,"minecraft:walk_one_cm":458474,"minecraft:drop":27,"minecraft:damage_dealt":5739,"minecraft:talked_to_villager":4,"minecraft:fly_one_cm":442641,"minecraft:open_chest":6,"minecraft:crouch_one_cm":16300,"tombstone:undead_killed":12,"minecraft:play_time":124949,"minecraft:deaths":5,"minecraft:sneak_time":4517,"minecraft:walk_under_water_one_cm":7592,"minecraft:jump":2071,"minecraft:interact_with_blast_furnace":4,"minecraft:walk_on_water_one_cm":13384,"minecraft:total_world_time":124949,"minecraft:fall_one_cm":43252},"minecraft:mined":{"smarter_mobs:spider_web":1,"minecraft:red_bed":2,"minecraft:granite":1,"minecraft:acacia_log":34,"minecraft:grass_block":69,"minecraft:dead_bush":3,"minecraft:copper_ore":4,"minecraft:tall_grass":2,"minecraft:cobblestone":3,"minecraft:wall_torch":1,"minecraft:light_blue_terracotta":1,"minecraft:blue_terracotta":1,"minecraft:dirt_path":1,"minecraft:coal_ore":32,"minecraft:grass":18,"gamma_beasts:acacia_hoja":9,"minecraft:oak_log":37,"minecraft:sand":4,"minecraft:dirt":20,"minecraft:stone":239},"minecraft:used":{"minecraft:stone_sword":38,"minecraft:stone_shovel":72,"minecraft:stone_pickaxe":286,"minecraft:chest":2,"minecraft:wooden_pickaxe":23,"minecraft:sandstone":4,"minecraft:iron_sword":25,"minecraft:oak_door":2,"minecraft:torch":10,"minecraft:dirt":139,"minecraft:sand":9,"minecraft:mutton":8,"minecraft:crafting_table":3,"minecraft:red_bed":3,"alexsmobs:cooked_kangaroo_meat":2,"gamma_beasts:kiwi":16,"minecraft:bread":11,"minecraft:stone_axe":124,"gamma_beasts:bird_thigh":1,"minecraft:cobblestone":202,"minecraft:porkchop":6,"minecraft:furnace":1,"tombstone:gift":2,"minecraft:egg":3,"minecraft:cooked_beef":2},"minecraft:broken":{"minecraft:stone_pickaxe":1,"minecraft:stone_axe":1},"minecraft:killed_by":{"minecraft:spider":2}},"DataVersion":3465}