{"stats":{"minecraft:custom":{"minecraft:interact_with_crafting_table":74,"minecraft:open_barrel":7,"minecraft:leave_game":20,"minecraft:time_since_death":415581,"minecraft:damage_resisted":29,"minecraft:sprint_one_cm":3020048,"minecraft:drop":281,"minecraft:play_noteblock":1,"minecraft:talked_to_villager":6,"minecraft:play_time":1405151,"minecraft:deaths":15,"minecraft:jump":14156,"minecraft:interact_with_brewingstand":2,"minecraft:walk_on_water_one_cm":130662,"minecraft:enchant_item":6,"minecraft:interact_with_furnace":163,"minecraft:interact_with_cartography_table":1,"minecraft:sleep_in_bed":42,"minecraft:waystone_activated":1,"minecraft:damage_dealt":86490,"minecraft:player_kills":1,"minecraft:crouch_one_cm":264564,"tombstone:undead_killed":235,"minecraft:interact_with_anvil":12,"minecraft:mob_kills":630,"minecraft:fill_cauldron":2,"minecraft:damage_dealt_resisted":1095,"minecraft:climb_one_cm":132872,"minecraft:walk_one_cm":4336195,"minecraft:damage_dealt_absorbed":640,"minecraft:sneak_time":67626,"minecraft:walk_under_water_one_cm":62179,"minecraft:interact_with_blast_furnace":96,"minecraft:total_world_time":1405151,"tombstone:raider_killed":6,"minecraft:tune_noteblock":2,"minecraft:interact_with_stonecutter":6,"minecraft:interact_with_grindstone":4,"minecraft:time_since_rest":480,"minecraft:damage_taken":18469,"minecraft:trigger_trapped_chest":1,"minecraft:swim_one_cm":22,"minecraft:fly_one_cm":4305176,"minecraft:open_chest":698,"minecraft:fall_one_cm":280928},"minecraft:killed_by":{"mowziesmobs:umvuthana_follower_raptor":1,"minecraft:zombie":1,"minecraft:player":1,"minecraft:spider":2},"minecraft:broken":{"minecraft:iron_shovel":2,"minecraft:iron_boots":1,"minecraft:iron_chestplate":1,"mowziesmobs:umvuthana_mask_rage":3,"minecraft:stone_pickaxe":5,"minecraft:golden_sword":2,"minecraft:stone_axe":1,"minecraft:iron_sword":1,"minecraft:stone_shovel":1,"minecraft:leather_helmet":1,"minecraft:stone_sword":1,"minecraft:iron_pickaxe":2,"minecraft:golden_pickaxe":1},"minecraft:picked_up":{"minecraft:wheat":629,"unusualprehistory:amber_shard":38,"gamma_beasts:fur":19,"minecraft:oak_stairs":1,"minecraft:potion":1,"minecraft:enchanted_book":7,"tombstone:grave_key":2,"minecraft:brewing_stand":3,"alexscaves:azure_neodymium_ingot":1,"minecraft:golden_sword":4,"alexsmobs:gazelle_horn":1,"minecraft:string":75,"minecraft:raw_copper":993,"minecraft:iron_leggings":4,"minecraft:orange_glazed_terracotta":1,"minecraft:diamond_leggings":1,"minecraft:smooth_stone":1,"minecraft:cobbled_deepslate":22,"bosses_of_mass_destruction:soul_star":3,"minecraft:bucket":1,"unusualprehistory:plant_fossil_item":84,"minecraft:melon_slice":284,"minecraft:iron_boots":3,"minecraft:furnace":2,"minecraft:stick":8,"industrialforegoing:fluid_transporter_type":1,"mowziesmobs:sol_visage":1,"minecraft:torch":66,"minecraft:acacia_log":57,"minecraft:porkchop":9,"minecraft:pointed_dripstone":11,"tombstone:grave_dust":44,"minecraft:diorite":175,"minecraft:cauldron":2,"minecraft:orange_bed":2,"minecraft:stone_sword":9,"minecraft:rotten_flesh":311,"gamma_beasts:kiwi":43,"gamma_beasts:gusnow_spawn_spawn_egg":1,"create:veridium":14,"alexsmobs:emu_egg":8,"gamma_beasts:coal_nugget":275,"minecraft:cobblestone":14527,"minecraft:magma_block":3,"minecraft:leather_chestplate":7,"minecraft:feather":168,"minecraft:cooked_beef":37,"minecraft:andesite":149,"minecraft:jungle_wood":2,"gamma_beasts:prehnite":41,"minecraft:potato":228,"minecraft:flint":28,"minecraft:tuff":50,"create:raw_zinc":244,"jeg:scrap":394,"smarter_mobs:spider_web":9,"minecraft:lapis_lazuli":110,"minecraft:dirt":2179,"securitycraft:sentry":5,"minecraft:name_tag":3,"minecraft:leather_boots":7,"minecraft:bone":106,"minecraft:acacia_planks":1,"minecraft:bow":4,"minecraft:stonecutter":2,"minecraft:wheat_seeds":836,"minecraft:raw_gold":70,"minecraft:grindstone":2,"minecraft:rabbit":1,"minecraft:pitcher_pod":2,"minecraft:oak_planks":30,"minecraft:cooked_porkchop":3,"securitycraft:dirt_mine":7,"minecraft:lime_terracotta":4,"minecraft:poisonous_potato":1,"minecraft:sand":48,"minecraft:grass_block":3,"minecraft:acacia_stairs":4,"minecraft:bundle":11,"alexsmobs:kangaroo_hide":3,"minecraft:sugar":2,"minecraft:diamond":14,"jeg:custom_smg":2,"minecraft:lever":1,"alexsmobs:rattlesnake_rattle":1,"minecraft:granite":119,"minecraft:chainmail_helmet":5,"minecraft:bread":182,"alexsmobs:maggot":9,"minecraft:oak_sapling":6,"minecraft:netherrack":6,"minecraft:diamond_pickaxe":4,"minecraft:fishing_rod":5,"minecraft:crafting_table":1,"minecraft:ladder":42,"minecraft:golden_pickaxe":1,"minecraft:leather_leggings":9,"minecraft:wooden_pickaxe":1,"minecraft:diamond_horse_armor":2,"minecraft:shield":3,"minecraft:red_bed":4,"minecraft:cat_spawn_egg":1,"gamma_beasts:acacia_leaf":13,"minecraft:flint_and_steel":1,"alexscaves:scarlet_neodymium_ingot":1,"minecraft:cartography_table":1,"minecraft:poppy":2,"industrialforegoing:infinity_saw":1,"minecraft:sugar_cane":62,"minecraft:chest":1,"minecraft:egg":7,"unusualprehistory:tar_fossil_item":1,"minecraft:raw_iron":113,"minecraft:sandstone":34,"minecraft:oak_door":8,"minecraft:copper_ingot":1,"alexsmobs:straddlite":1,"sophisticatedbackpacks:backpack":1,"create:hand_crank":1,"minecraft:carrot":5,"minecraft:redstone":80,"create:zinc_ingot":43,"jeg:healing_talisman":19,"minecraft:arrow":126,"minecraft:pumpkin_pie":4,"minecraft:diamond_boots":1,"jeg:gunmetal_workbench":1,"unusualprehistory:opal_fossil":4,"mowziesmobs:umvuthana_mask_bliss":3,"minecraft:saddle":9,"minecraft:gold_ingot":128,"minecraft:mutton":18,"jeg:raw_brimstone":3,"minecraft:bone_block":51,"alexsmobs:kangaroo_meat":5,"minecraft:white_wool":32,"mowziesmobs:umvuthana_mask_fury":3,"minecraft:glow_ink_sac":2,"minecraft:leather":44,"gamma_beasts:bird_thigh":1,"minecraft:oak_log":47,"gamma_beasts:green_apple":4,"minecraft:chainmail_chestplate":1,"minecraft:gunpowder":43,"minecraft:cobblestone_stairs":13,"minecraft:paper":19,"tombstone:gift":1,"jeg:grenade":14,"minecraft:cooked_mutton":4,"mtr:rail_connector_40":3,"minecraft:apple":2,"mowziesmobs:umvuthana_mask_rage":6,"unusualprehistory:permafrost":16,"minecraft:rabbit_hide":1,"minecraft:iron_ingot":37,"securitycraft:reinforced_stripped_jungle_wood":16,"minecraft:stone_pickaxe":1,"tombstone:bag_of_seeds":4,"artifacts:steadfast_spikes":1,"minecraft:glass_bottle":2,"jeg:double_barrel_shotgun":1,"mowziesmobs:umvuthana_mask_misery":8,"minecraft:iron_sword":3,"minecraft:acacia_sapling":1,"weather2:sand_layer":2,"jeg:tech_trash":31,"minecraft:smooth_basalt":6,"minecraft:pumpkin":10,"minecraft:stone_brick_slab":1,"minecraft:dandelion":1,"minecraft:dripstone_block":5,"minecraft:torchflower_seeds":3,"minecraft:gravel":257,"minecraft:blast_furnace":1,"minecraft:crying_obsidian":1,"minecraft:spider_eye":23,"minecraft:leather_helmet":5,"jeg:ectoplasm":2,"minecraft:stone_axe":1,"minecraft:iron_helmet":4,"minecraft:stripped_jungle_wood":17,"mowziesmobs:umvuthana_mask_fear":4,"tombstone:magic_scroll":3,"minecraft:black_wool":1,"unusualprehistory:amber_fossil":4,"minecraft:coal":566,"unusualprehistory:mezo_fossil":6},"minecraft:dropped":{"minecraft:spruce_sign":1,"minecraft:iron_sword":1,"industrialforegoing:infinity_saw":1,"minecraft:ender_pearl":2,"gamma_beasts:gamma_reactor":2,"minecraft:pitcher_pod":2,"unusualprehistory:mezo_fossil":6,"minecraft:lime_terracotta":4,"minecraft:leather":14,"unusualprehistory:tar_fossil_item":1,"jeg:grenade":2,"minecraft:saddle":4,"minecraft:leather_helmet":2,"minecraft:flint":5,"minecraft:orange_glazed_terracotta":1,"minecraft:cobblestone_stairs":1,"minecraft:dirt":67,"tombstone:bag_of_seeds":2,"minecraft:red_bed":1,"gamma_beasts:book":1,"jeg:healing_talisman":8,"mowziesmobs:umvuthana_mask_bliss":2,"unusualprehistory:amber_fossil":1,"minecraft:sugar":2,"unusualprehistory:opal_fossil":2,"minecraft:fishing_rod":1,"create:elevator_pulley":2,"unusualprehistory:plant_fossil_item":21,"minecraft:bone":37,"minecraft:oak_door":2,"minecraft:gravel":41,"minecraft:sugar_cane":12,"mowziesmobs:umvuthana_mask_rage":1,"minecraft:lever":1,"minecraft:cobbled_deepslate":1,"minecraft:wheat":67,"minecraft:pointed_dripstone":11,"minecraft:rotten_flesh":156,"gamma_beasts:kiwi":1,"minecraft:acacia_stairs":4,"smarter_mobs:spider_web":5,"gamma_beasts:golden_berries":1,"minecraft:carrot":1,"minecraft:chainmail_chestplate":1,"alexsmobs:kangaroo_hide":1,"gamma_beasts:prehnite_sword":1,"minecraft:poppy":2,"minecraft:rabbit_hide":1,"minecraft:leather_chestplate":3,"minecraft:gunpowder":1,"minecraft:leather_boots":1,"minecraft:acacia_sapling":2,"minecraft:ladder":34,"minecraft:leather_leggings":1,"minecraft:arrow":57,"minecraft:crying_obsidian":1,"mtr:rail_connector_40":3,"minecraft:netherrack":4,"mowziesmobs:umvuthana_mask_fury":1,"minecraft:egg":4,"minecraft:enchanted_book":3,"minecraft:bread":92,"gamma_beasts:gsnow_saddle":1,"minecraft:wheat_seeds":217,"minecraft:dripstone_block":3,"gamma_beasts:coal_nugget":21,"minecraft:poisonous_potato":1,"minecraft:cobblestone":231,"mowziesmobs:umvuthana_mask_fear":1,"minecraft:apple":3,"minecraft:granite":2,"minecraft:chainmail_helmet":3,"minecraft:coal":22,"minecraft:stick":1,"jeg:custom_smg":2,"minecraft:diorite":4,"tombstone:magic_scroll":1,"minecraft:torch":2,"tombstone:grave_key":6,"minecraft:melon_slice":6,"tombstone:grave_dust":18,"minecraft:smooth_stone":1,"minecraft:string":28,"create:raw_zinc":8,"minecraft:bucket":1,"minecraft:redstone_block":4,"minecraft:dandelion":1,"alexsmobs:maggot":6,"artifacts:kitty_slippers":1,"minecraft:stone_sword":1,"minecraft:tuff":2,"minecraft:iron_boots":1,"sophisticatedbackpacks:backpack":1,"minecraft:name_tag":2,"minecraft:torchflower_seeds":3,"gamma_beasts:gusnow_spawn_spawn_egg":1,"minecraft:flint_and_steel":1,"minecraft:potato":1,"minecraft:shield":1,"create:veridium":3,"unusualprehistory:amber_shard":2,"mowziesmobs:umvuthana_mask_misery":4,"minecraft:bundle":5,"minecraft:diamond_pickaxe":2,"minecraft:andesite":40,"minecraft:oak_sapling":4,"minecraft:spider_eye":13,"minecraft:diamond_boots":1,"minecraft:bow":2,"minecraft:stone_pickaxe":2,"minecraft:wooden_pickaxe":1,"minecraft:black_wool":1},"minecraft:crafted":{"minecraft:oak_planks":186,"minecraft:stone":6,"minecraft:cobblestone_stairs":74,"minecraft:lever":3,"minecraft:repeater":1,"minecraft:chest":6,"minecraft:cooked_porkchop":2,"minecraft:crafting_table":7,"minecraft:baked_potato":1,"minecraft:copper_ingot":424,"minecraft:iron_chestplate":1,"minecraft:wooden_hoe":1,"minecraft:diamond_pickaxe":3,"minecraft:stick":276,"minecraft:iron_ingot":166,"minecraft:iron_pickaxe":1,"minecraft:acacia_door":3,"minecraft:gold_ingot":30,"minecraft:redstone_torch":10,"minecraft:oak_door":9,"minecraft:stone_shovel":1,"minecraft:bone_meal":45,"gamma_beasts:prehnite_sword":1,"minecraft:ladder":53,"minecraft:stone_pickaxe":6,"minecraft:redstone_block":4,"minecraft:wheat":540,"minecraft:cooked_beef":2,"minecraft:diamond_sword":1,"alexsmobs:cooked_kangaroo_meat":2,"minecraft:cooked_salmon":2,"minecraft:stone_axe":1,"minecraft:air":0,"minecraft:bread":212,"minecraft:jungle_planks":8,"minecraft:iron_shovel":3,"minecraft:acacia_planks":224,"minecraft:torch":394,"create:zinc_ingot":101},"minecraft:used":{"minecraft:jack_o_lantern":6,"minecraft:iron_shovel":553,"minecraft:chest":25,"minecraft:ladder":47,"minecraft:diamond_hoe":255,"minecraft:iron_sword":565,"minecraft:stone":989,"minecraft:zombie_spawn_egg":5,"securitycraft:security_camera":10,"minecraft:stripped_jungle_wood":1,"jeg:atlantean_spear":2,"jeg:burst_rifle":26,"create:fluid_tank":3,"minecraft:mutton":8,"industrialforegoing:fluid_sieving_machine":1,"minecraft:carrot":6,"jeg:custom_smg":19,"minecraft:tuff":2,"create:speedometer":2,"jeg:grenade":2,"minecraft:obsidian":17,"minecraft:glass":63,"securitycraft:camera_monitor":10,"minecraft:lava_bucket":90,"minecraft:grass_block":623,"minecraft:netherite_boots":2,"minecraft:golden_sword":33,"minecraft:repeater":1,"minecraft:bow":5,"industrialforegoing:common_black_hole_unit":3,"create:shaft":3,"create:mechanical_drill":2,"minecraft:furnace":5,"industrialforegoing:black_hole_controller":1,"minecraft:egg":3,"jeg:semi_auto_rifle":42,"minecraft:potato":422,"securitycraft:alarm":3,"securitycraft:reinforced_verdant_froglight":1,"mowziesmobs:foliaath_seed":15,"uncrafter:uncrafter":4,"minecraft:oak_planks":2,"minecraft:stone_pickaxe":689,"minecraft:acacia_trapdoor":1,"minecraft:birch_wood":2,"industrialforegoing:fluid_extractor":2,"minecraft:wooden_pickaxe":23,"minecraft:sandstone":4,"minecraft:chainmail_helmet":1,"jeg:assault_rifle":51,"jeg:gunmetal_workbench":2,"uncrafter:advanced_uncrafter":2,"minecraft:sand":9,"minecraft:blast_furnace":4,"minecraft:ochre_froglight":1,"jeg:bolt_action_rifle":2,"minecraft:creeper_spawn_egg":1,"minecraft:sticky_piston":41,"minecraft:redstone_torch":4,"minecraft:lever":12,"gamma_beasts:kiwi":16,"minecraft:crying_obsidian":14,"minecraft:daylight_detector":2,"minecraft:acacia_door":2,"minecraft:melon_slice":40,"minecraft:bread":194,"minecraft:gravel":6,"gamma_beasts:bird_thigh":1,"minecraft:torchflower_seeds":52,"minecraft:diamond_sword":792,"securitycraft:motion_activated_light":1,"minecraft:grindstone":2,"minecraft:andesite":13,"create:vertical_gearbox":3,"minecraft:bone_meal":45,"minecraft:golden_pickaxe":9,"minecraft:experience_bottle":64,"minecraft:oak_trapdoor":2,"minecraft:netherite_sword":226,"minecraft:stone_sword":116,"minecraft:enchanting_table":1,"minecraft:flint_and_steel":6,"minecraft:armor_stand":2,"minecraft:stone_shovel":131,"minecraft:redstone":84,"gamma_beasts:green_apple":4,"securitycraft:keypad_door_item":6,"minecraft:cooked_salmon":2,"minecraft:oak_door":8,"minecraft:torch":999,"minecraft:dirt":688,"minecraft:brewing_stand":3,"minecraft:spyglass":111,"minecraft:anvil":1,"jeg:gunnite_workbench":1,"alexsmobs:cooked_kangaroo_meat":2,"minecraft:stone_stairs":4,"minecraft:oak_wood":2,"minecraft:granite":1,"minecraft:spruce_fence":90,"minecraft:bookshelf":73,"minecraft:oak_stairs":18,"minecraft:iron_boots":9,"minecraft:melon_seeds":20,"securitycraft:remote_access_sentry":3,"gamma_beasts:skinno_spawn_spawn_egg":1,"securitycraft:sentry":16,"jeg:double_barrel_shotgun":2,"minecraft:basalt":59,"securitycraft:dirt_mine":4,"tombstone:gift":8,"create:fluid_pipe":3,"create:fluid_valve":1,"minecraft:cooked_beef":39,"minecraft:cobbled_deepslate":14,"minecraft:acacia_planks":87,"alexscaves:quarry_smasher":1,"minecraft:wheat_seeds":311,"minecraft:cooked_mutton":1,"industrialforegoing:fluid_collector":3,"minecraft:water_bucket":195,"minecraft:cobblestone_stairs":324,"jeg:combat_rifle":148,"minecraft:baked_potato":15,"industrialforegoing:simple_black_hole_unit":2,"securitycraft:panic_button":1,"gamma_beasts:prehnite_sword":21,"minecraft:cauldron":2,"minecraft:stonecutter":1,"securitycraft:scanner_door_item":4,"industrialforegoing:fluid_transporter_type":1,"jeg:typhoonee":5,"minecraft:crafting_table":7,"unusualprehistory:permafrost":16,"minecraft:red_bed":5,"tombstone:bag_of_seeds":2,"minecraft:wooden_hoe":80,"minecraft:diamond_pickaxe":4026,"gamma_beasts:zatlah_spawn_spawn_egg":1,"minecraft:iron_pickaxe":391,"tombstone:magic_scroll":1,"minecraft:leather_helmet":1,"create:large_water_wheel":2,"jeg:scrap_workbench":1,"minecraft:stone_axe":124,"minecraft:fishing_rod":7,"minecraft:cobblestone":5552,"minecraft:porkchop":8,"minecraft:cooked_porkchop":5,"minecraft:bucket":1,"create:creative_fluid_tank":9,"minecraft:pumpkin_pie":4,"create:hand_crank":2,"create:elevator_pulley":9,"securitycraft:glow_display_case":1},"minecraft:killed":{"minecraft:witch":6,"mowziesmobs:umvuthi":1,"minecraft:spider":56,"minecraft:skeleton":71,"minecraft:chicken":3,"mowziesmobs:umvuthana_crane":5,"alexsmobs:straddler":1,"alexsmobs:kangaroo":3,"gamma_beasts:skinno_spawn":1,"minecraft:cat":10,"jeg:ghoul":5,"minecraft:pig":3,"minecraft:zombie_villager":2,"minecraft:creeper":28,"minecraft:sheep":16,"minecraft:zombie":147,"alexsmobs:terrapin":1,"alexsmobs:roadrunner":1,"alexsmobs:fly":7,"minecraft:glow_squid":2,"mowziesmobs:umvuthana_raptor":19,"gamma_beasts:zatlah_spawn":1,"alexsmobs:raccoon":1,"alexsmobs:rattlesnake":1,"minecraft:drowned":3,"mowziesmobs:umvuthana":16,"mowziesmobs:baby_foliaath":1,"minecraft:husk":8,"mowziesmobs:umvuthana_follower_raptor":114,"alexsmobs:emu":1,"alexsmobs:crow":1,"minecraft:enderman":3},"minecraft:mined":{"create:deepslate_zinc_ore":33,"jeg:brimstone_ore":2,"unusualprehistory:permafrost":18,"minecraft:cobblestone_stairs":12,"minecraft:jungle_leaves":7,"unusualprehistory:stone_amber_ore":9,"minecraft:brewing_stand":3,"minecraft:granite":5,"unusualprehistory:deepslate_opal_ore":2,"minecraft:acacia_log":55,"minecraft:grass_block":469,"unusualprehistory:plant_fossil":26,"minecraft:smooth_stone":1,"minecraft:magma_block":3,"minecraft:iron_ore":54,"minecraft:fire":15,"minecraft:pumpkin":10,"minecraft:deepslate_lapis_ore":1,"minecraft:pointed_dripstone":7,"minecraft:dirt_path":3,"minecraft:water_cauldron":2,"create:veridium":3,"unusualprehistory:stone_tar_fossil":1,"minecraft:deepslate_redstone_ore":13,"minecraft:red_bed":2,"minecraft:torch":1,"minecraft:blast_furnace":1,"minecraft:melon":23,"minecraft:dead_bush":3,"minecraft:cobblestone":130,"minecraft:oak_planks":6,"minecraft:sugar_cane":10,"minecraft:grindstone":2,"minecraft:wall_torch":5,"minecraft:deepslate_copper_ore":1,"minecraft:light_blue_terracotta":1,"minecraft:blue_terracotta":1,"minecraft:jungle_wood":3,"minecraft:wheat":253,"unusualprehistory:stone_fossil":8,"minecraft:yellow_stained_glass_pane":1,"minecraft:grass":49,"minecraft:oak_log":56,"minecraft:sand":21,"minecraft:dirt":418,"minecraft:stonecutter":2,"minecraft:netherrack":2,"minecraft:oak_leaves":76,"minecraft:deepslate":23,"create:zinc_ore":66,"minecraft:diamond_ore":1,"minecraft:crying_obsidian":1,"minecraft:tuff":3,"minecraft:deepslate_diamond_ore":2,"minecraft:oak_door":1,"minecraft:glow_lichen":3,"minecraft:lever":1,"jeg:gunmetal_workbench":1,"minecraft:stripped_jungle_wood":17,"minecraft:cartography_table":1,"minecraft:sandstone":24,"minecraft:redstone_ore":1,"gamma_beasts:prehnite_ore":10,"minecraft:andesite":37,"minecraft:orange_stained_glass_pane":1,"gamma_beasts:acacia_hoja":15,"minecraft:deepslate_iron_ore":5,"minecraft:stone":3858,"minecraft:bone_block":60,"minecraft:cake":1,"minecraft:orange_glazed_terracotta":1,"minecraft:acacia_leaves":5,"unusualprehistory:deepslate_plant_fossil":3,"smarter_mobs:spider_web":3,"jeg:scrap_ore":65,"gamma_beasts:acacia_hoja_1":1,"minecraft:copper_ore":150,"minecraft:tall_grass":3,"minecraft:deepslate_gold_ore":14,"minecraft:lapis_ore":6,"minecraft:diorite":29,"gamma_beasts:deepslate_prehnite_ore":9,"jeg:deepslate_scrap_ore":15,"weather2:sand_layer":1,"minecraft:coal_ore":214,"minecraft:gravel":25,"minecraft:dripstone_block":8,"minecraft:acacia_planks":1,"minecraft:gold_ore":7}},"DataVersion":3465}