{"stats":{"minecraft:killed":{"minecraft:spider":3,"minecraft:chicken":2,"alexsmobs:kangaroo":1,"minecraft:husk":1,"minecraft:pig":2,"mowziesmobs:umvuthana_follower_raptor":6,"minecraft:creeper":2,"minecraft:sheep":12,"minecraft:zombie":13,"alexsmobs:terrapin":1,"alexsmobs:crow":1,"mowziesmobs:umvuthana_raptor":1},"minecraft:dropped":{"minecraft:enchanted_book":1,"minecraft:wheat_seeds":4,"gamma_beasts:coal_nugget":5,"minecraft:lime_terracotta":4,"minecraft:cobblestone":2,"minecraft:apple":3,"minecraft:coal":1,"minecraft:leather_helmet":1,"minecraft:red_bed":1,"tombstone:grave_key":5,"tombstone:grave_dust":4,"minecraft:string":1,"minecraft:dandelion":1,"gamma_beasts:kiwi":1,"minecraft:acacia_stairs":4,"mowziesmobs:umvuthana_mask_misery":2,"minecraft:acacia_sapling":2,"minecraft:oak_sapling":1,"minecraft:leather_leggings":1,"minecraft:spider_eye":2,"minecraft:wooden_pickaxe":1,"minecraft:black_wool":1},"minecraft:picked_up":{"minecraft:fishing_rod":1,"gamma_beasts:fur":5,"minecraft:golden_pickaxe":1,"minecraft:leather_leggings":2,"minecraft:wooden_pickaxe":1,"minecraft:enchanted_book":1,"tombstone:grave_key":1,"minecraft:string":5,"minecraft:red_bed":4,"minecraft:raw_copper":11,"gamma_beasts:acacia_leaf":3,"minecraft:sugar_cane":1,"minecraft:furnace":1,"minecraft:egg":3,"minecraft:stick":2,"minecraft:sandstone":11,"minecraft:torch":3,"minecraft:acacia_log":36,"minecraft:porkchop":6,"tombstone:grave_dust":4,"minecraft:stone_sword":2,"minecraft:arrow":9,"minecraft:rotten_flesh":19,"gamma_beasts:kiwi":17,"mowziesmobs:umvuthana_mask_bliss":1,"gamma_beasts:coal_nugget":15,"minecraft:saddle":1,"minecraft:mutton":18,"alexsmobs:kangaroo_meat":2,"minecraft:white_wool":10,"minecraft:cobblestone":490,"minecraft:leather_chestplate":1,"minecraft:feather":22,"gamma_beasts:bird_thigh":1,"minecraft:oak_log":34,"gamma_beasts:green_apple":4,"minecraft:dirt":242,"smarter_mobs:spider_web":2,"minecraft:bone":14,"minecraft:apple":2,"minecraft:wheat_seeds":5,"minecraft:rabbit_hide":1,"minecraft:iron_ingot":5,"artifacts:steadfast_spikes":1,"minecraft:rabbit":1,"mowziesmobs:umvuthana_mask_misery":2,"minecraft:acacia_sapling":1,"minecraft:iron_sword":3,"minecraft:lime_terracotta":4,"minecraft:dandelion":1,"minecraft:sand":32,"minecraft:acacia_stairs":4,"minecraft:spider_eye":3,"minecraft:leather_helmet":2,"alexsmobs:kangaroo_hide":1,"minecraft:stone_axe":1,"minecraft:iron_helmet":2,"minecraft:granite":1,"minecraft:bread":8,"mowziesmobs:umvuthana_mask_fear":1,"minecraft:oak_sapling":1,"minecraft:black_wool":1,"minecraft:coal":53},"minecraft:crafted":{"minecraft:oak_door":3,"minecraft:oak_planks":72,"minecraft:stone_shovel":1,"minecraft:stone_pickaxe":3,"minecraft:chest":2,"minecraft:cooked_beef":2,"minecraft:crafting_table":3,"alexsmobs:cooked_kangaroo_meat":2,"minecraft:stone_axe":1,"minecraft:stick":82,"minecraft:iron_pickaxe":1,"minecraft:iron_shovel":1,"minecraft:acacia_planks":4,"minecraft:torch":60},"minecraft:custom":{"minecraft:mob_kills":48,"minecraft:interact_with_crafting_table":15,"minecraft:damage_dealt_resisted":76,"minecraft:leave_game":3,"minecraft:time_since_death":69674,"minecraft:climb_one_cm":776,"minecraft:sprint_one_cm":316019,"minecraft:walk_one_cm":617930,"minecraft:drop":37,"minecraft:talked_to_villager":4,"minecraft:play_time":154949,"minecraft:deaths":5,"minecraft:sneak_time":6731,"minecraft:walk_under_water_one_cm":7592,"minecraft:jump":2314,"minecraft:interact_with_blast_furnace":4,"minecraft:walk_on_water_one_cm":13573,"minecraft:total_world_time":154949,"minecraft:interact_with_furnace":27,"minecraft:sleep_in_bed":8,"minecraft:time_since_rest":10845,"minecraft:waystone_activated":1,"minecraft:damage_taken":3929,"minecraft:damage_dealt":6154,"minecraft:fly_one_cm":450728,"minecraft:open_chest":14,"minecraft:crouch_one_cm":24517,"tombstone:undead_killed":13,"minecraft:fall_one_cm":48127},"minecraft:mined":{"minecraft:granite":1,"minecraft:acacia_log":34,"minecraft:grass_block":105,"gamma_beasts:acacia_hoja":9,"minecraft:dirt_path":1,"minecraft:stone":514,"smarter_mobs:spider_web":2,"minecraft:red_bed":2,"minecraft:dead_bush":3,"minecraft:tall_grass":2,"minecraft:copper_ore":4,"minecraft:cobblestone":8,"minecraft:sugar_cane":1,"minecraft:wall_torch":1,"minecraft:light_blue_terracotta":1,"minecraft:blue_terracotta":1,"minecraft:grass":18,"minecraft:oak_log":37,"minecraft:coal_ore":53,"minecraft:dirt":88,"minecraft:sand":4,"minecraft:oak_leaves":3},"minecraft:used":{"minecraft:stone_sword":38,"minecraft:iron_shovel":28,"minecraft:stone_shovel":131,"minecraft:chest":2,"gamma_beasts:green_apple":4,"minecraft:iron_sword":36,"minecraft:oak_door":2,"minecraft:torch":61,"minecraft:dirt":225,"minecraft:mutton":8,"alexsmobs:cooked_kangaroo_meat":2,"minecraft:granite":1,"minecraft:furnace":1,"tombstone:gift":2,"minecraft:egg":3,"minecraft:cooked_beef":2,"minecraft:stone_pickaxe":329,"minecraft:wooden_pickaxe":23,"minecraft:sandstone":4,"minecraft:sand":9,"minecraft:crafting_table":3,"minecraft:red_bed":3,"gamma_beasts:kiwi":16,"minecraft:bread":11,"minecraft:iron_pickaxe":250,"minecraft:stone_axe":124,"gamma_beasts:bird_thigh":1,"minecraft:cobblestone":248,"minecraft:porkchop":6,"minecraft:golden_pickaxe":9},"minecraft:broken":{"minecraft:stone_pickaxe":2,"minecraft:stone_axe":1,"minecraft:iron_pickaxe":1,"minecraft:golden_pickaxe":1,"minecraft:stone_shovel":1},"minecraft:killed_by":{"minecraft:spider":2}},"DataVersion":3465}