{"stats":{"minecraft:killed":{"minecraft:zombie":1},"minecraft:picked_up":{"minecraft:stick":2,"minecraft:rotten_flesh":1,"minecraft:sand":4},"minecraft:custom":{"minecraft:time_since_rest":5209,"minecraft:crouch_one_cm":83,"minecraft:sprint_one_cm":26845,"minecraft:play_time":10949,"minecraft:deaths":2,"minecraft:damage_taken":645,"minecraft:walk_one_cm":19248,"minecraft:sneak_time":10,"minecraft:walk_under_water_one_cm":1270,"minecraft:mob_kills":2,"minecraft:jump":273,"minecraft:damage_dealt":305,"minecraft:leave_game":3,"minecraft:walk_on_water_one_cm":4384,"minecraft:time_since_death":6089,"minecraft:total_world_time":10949,"minecraft:fall_one_cm":5843,"minecraft:fly_one_cm":67291},"minecraft:mined":{"minecraft:dead_bush":3,"minecraft:sand":4},"minecraft:used":{"minecraft:sand":3},"minecraft:killed_by":{"minecraft:spider":1}},"DataVersion":3465}