{"stats":{"minecraft:custom":{"minecraft:interact_with_crafting_table":106,"minecraft:leave_game":33,"minecraft:time_since_death":127843,"minecraft:sprint_one_cm":887561,"minecraft:damage_blocked_by_shield":3130,"minecraft:drop":73,"minecraft:talked_to_villager":11,"minecraft:play_time":419049,"minecraft:deaths":16,"minecraft:jump":7543,"minecraft:walk_on_water_one_cm":64111,"minecraft:enchant_item":1,"minecraft:interact_with_furnace":78,"minecraft:interact_with_loom":1,"minecraft:sleep_in_bed":26,"minecraft:waystone_activated":1,"minecraft:damage_dealt":10712,"minecraft:player_kills":1,"minecraft:crouch_one_cm":124957,"tombstone:undead_killed":38,"minecraft:interact_with_smoker":18,"minecraft:mob_kills":82,"minecraft:damage_dealt_resisted":51,"minecraft:climb_one_cm":3272,"minecraft:walk_one_cm":1003883,"minecraft:damage_dealt_absorbed":79,"minecraft:sneak_time":30586,"minecraft:walk_under_water_one_cm":97442,"minecraft:interact_with_blast_furnace":4,"minecraft:total_world_time":419049,"minecraft:time_since_rest":4809,"minecraft:damage_taken":10115,"minecraft:swim_one_cm":47682,"minecraft:fly_one_cm":1481779,"minecraft:open_chest":17,"minecraft:fall_one_cm":209732},"minecraft:killed_by":{"mowziesmobs:umvuthana_follower_raptor":1,"minecraft:zombie":2,"minecraft:player":2},"minecraft:broken":{"minecraft:iron_boots":1,"minecraft:iron_leggings":1,"minecraft:iron_sword":1,"minecraft:stone_shovel":1,"minecraft:stone_hoe":1,"minecraft:shield":1,"minecraft:iron_pickaxe":1,"minecraft:iron_helmet":1},"minecraft:picked_up":{"gamma_beasts:thin_oak_log":45,"minecraft:wheat":4,"minecraft:redstone_block":4,"minecraft:enchanted_book":1,"minecraft:string":13,"minecraft:cooked_salmon":9,"minecraft:iron_leggings":3,"alexsmobs:blood_sac":1,"minecraft:gold_nugget":11,"minecraft:cobbled_deepslate":16,"unusualprehistory:plant_fossil_item":5,"minecraft:iron_pickaxe":1,"minecraft:iron_boots":1,"minecraft:furnace":2,"minecraft:stick":2,"minecraft:composter":2,"minecraft:torch":22,"minecraft:acacia_log":22,"minecraft:porkchop":4,"tombstone:grave_dust":15,"minecraft:diorite":1,"minecraft:orange_bed":14,"minecraft:cactus":10,"minecraft:rotten_flesh":33,"gamma_beasts:kiwi":20,"alexsmobs:emu_egg":2,"gamma_beasts:coal_nugget":29,"minecraft:cobblestone":268,"minecraft:enchanting_table":2,"minecraft:feather":16,"minecraft:potato":351,"gamma_beasts:prehnite":2,"minecraft:tuff":4,"gamma_beasts:oak_leaf":8,"minecraft:dirt":638,"minecraft:lapis_lazuli":4,"smarter_mobs:spider_web":9,"minecraft:bone":34,"minecraft:acacia_planks":2,"minecraft:bow":1,"minecraft:wheat_seeds":31,"minecraft:oak_planks":64,"minecraft:poisonous_potato":1,"minecraft:sand":72,"minecraft:acacia_stairs":2,"minecraft:bundle":2,"minecraft:diamond":3,"minecraft:granite":1,"minecraft:emerald":4,"minecraft:bread":40,"minecraft:chainmail_helmet":1,"alexsmobs:maggot":3,"minecraft:oak_sapling":1,"minecraft:netherrack":1,"minecraft:crafting_table":5,"minecraft:coarse_dirt":72,"industrialforegoing:fluid_extractor":1,"minecraft:gold_block":3,"minecraft:shield":2,"minecraft:red_bed":5,"minecraft:oak_trapdoor":1,"minecraft:flint_and_steel":1,"gamma_beasts:acacia_leaf":6,"minecraft:light_gray_wool":3,"minecraft:sugar_cane":4,"minecraft:sandstone":48,"minecraft:raw_iron":94,"minecraft:copper_ingot":90,"minecraft:redstone":55,"minecraft:arrow":16,"mowziesmobs:umvuthana_mask_bliss":1,"minecraft:gold_ingot":51,"minecraft:mutton":6,"minecraft:white_wool":3,"mowziesmobs:umvuthana_mask_fury":1,"minecraft:glow_ink_sac":26,"minecraft:leather":20,"gamma_beasts:green_apple":24,"minecraft:oak_log":99,"minecraft:gunpowder":4,"minecraft:paper":85,"jeg:grenade":8,"mowziesmobs:umvuthana_mask_rage":4,"minecraft:acacia_trapdoor":2,"minecraft:iron_ingot":103,"minecraft:stone_pickaxe":1,"minecraft:oak_slab":8,"minecraft:raw_iron_block":2,"minecraft:gravel":7,"gamma_beasts:thin_acacia_log":6,"minecraft:amethyst_shard":8,"minecraft:spruce_sapling":1,"minecraft:white_bed":8,"minecraft:crying_obsidian":8,"minecraft:spider_eye":4,"minecraft:chainmail_leggings":1,"mowziesmobs:umvuthana_mask_fear":2,"tombstone:magic_scroll":1,"minecraft:acacia_slab":1,"minecraft:coal":119,"minecraft:ender_pearl":3},"minecraft:dropped":{"minecraft:diamond_axe":1,"minecraft:oak_log":19,"minecraft:glow_ink_sac":23,"minecraft:ender_pearl":3,"minecraft:leather":13,"jeg:grenade":3,"minecraft:dirt":58,"minecraft:mutton":2,"minecraft:amethyst_shard":6,"minecraft:gold_ingot":31,"minecraft:stone_axe":1,"mowziesmobs:umvuthana_mask_rage":2,"minecraft:cobbled_deepslate":11,"minecraft:rotten_flesh":12,"minecraft:oak_planks":121,"gamma_beasts:kiwi":1,"alexsmobs:emu_egg":1,"minecraft:acacia_stairs":2,"smarter_mobs:spider_web":4,"minecraft:acacia_slab":1,"minecraft:crying_obsidian":5,"minecraft:iron_ingot":32,"minecraft:bread":11,"minecraft:wheat_seeds":13,"minecraft:poisonous_potato":1,"minecraft:cobblestone":2,"minecraft:book":1,"mowziesmobs:umvuthana_mask_fear":2,"minecraft:stick":1,"tombstone:magic_scroll":1,"tombstone:grave_key":1,"tombstone:grave_dust":14,"minecraft:string":7,"minecraft:chainmail_leggings":1,"minecraft:paper":79,"minecraft:acacia_planks":21,"alexsmobs:maggot":2,"minecraft:coarse_dirt":6,"minecraft:tuff":2,"minecraft:light_gray_wool":1,"minecraft:iron_boots":1,"minecraft:potato":7,"minecraft:shield":2,"minecraft:spider_eye":3,"minecraft:bow":1,"minecraft:stone_pickaxe":1,"minecraft:wooden_pickaxe":1},"minecraft:crafted":{"industrialforegoing:common_black_hole_tank":1,"minecraft:oak_planks":276,"industrialforegoing:iron_gear":1,"minecraft:cooked_mutton":3,"minecraft:glass":64,"minecraft:iron_boots":2,"sophisticatedbackpacks:copper_backpack":1,"minecraft:chest":3,"minecraft:stone_hoe":2,"gamma_beasts:cooked_meat":2,"minecraft:raw_iron_block":3,"minecraft:golden_boots":1,"minecraft:oak_slab":57,"sophisticatedbackpacks:backpack":1,"minecraft:cooked_porkchop":3,"minecraft:diamond_axe":1,"minecraft:crafting_table":2,"minecraft:acacia_slab":18,"minecraft:baked_potato":27,"minecraft:wooden_pickaxe":1,"minecraft:iron_helmet":3,"industrialforegoing:fluid_extractor":5,"minecraft:book":2,"minecraft:iron_chestplate":1,"minecraft:shield":2,"minecraft:light_weighted_pressure_plate":8,"minecraft:stick":52,"minecraft:iron_ingot":83,"minecraft:iron_pickaxe":2,"minecraft:composter":2,"minecraft:oak_door":3,"minecraft:raw_iron":27,"minecraft:stone_shovel":1,"minecraft:furnace":4,"minecraft:piston":9,"minecraft:bone_meal":78,"minecraft:glass_pane":128,"minecraft:oak_trapdoor":8,"minecraft:iron_axe":1,"minecraft:ladder":3,"minecraft:stone_pickaxe":1,"minecraft:redstone_block":5,"sophisticatedbackpacks:iron_backpack":1,"minecraft:iron_sword":2,"industrialforegoing:machine_frame_pity":7,"minecraft:bucket":4,"minecraft:stone_axe":1,"minecraft:bread":1,"minecraft:air":0,"minecraft:iron_shovel":1,"minecraft:iron_leggings":1,"minecraft:white_bed":1,"minecraft:acacia_planks":100,"minecraft:torch":84},"minecraft:used":{"alexsmobs:emu_egg":1,"minecraft:iron_shovel":181,"minecraft:ladder":3,"minecraft:chest":2,"minecraft:shield":134,"minecraft:iron_sword":249,"minecraft:rotten_flesh":25,"minecraft:iron_chestplate":1,"gamma_beasts:thin_oak_log":1,"minecraft:mutton":1,"minecraft:tuff":2,"jeg:grenade":5,"minecraft:lava_bucket":2,"minecraft:iron_helmet":3,"industrialforegoing:common_black_hole_tank":1,"mowziesmobs:umvuthana_mask_rage":1,"minecraft:furnace":6,"minecraft:oak_sapling":1,"minecraft:potato":304,"minecraft:golden_boots":2,"minecraft:acacia_trapdoor":2,"minecraft:stone_pickaxe":100,"minecraft:oak_planks":117,"industrialforegoing:fluid_extractor":6,"minecraft:wooden_pickaxe":5,"minecraft:sandstone":56,"minecraft:composter":4,"minecraft:diamond_axe":173,"minecraft:sugar_cane":4,"minecraft:sand":12,"gamma_beasts:kiwi":19,"minecraft:bread":30,"minecraft:gravel":2,"minecraft:coarse_dirt":66,"minecraft:bone_meal":78,"minecraft:oak_trapdoor":6,"minecraft:enchanting_table":1,"minecraft:stone_shovel":132,"gamma_beasts:green_apple":16,"minecraft:cooked_salmon":9,"minecraft:stone_hoe":221,"minecraft:oak_door":1,"minecraft:orange_bed":13,"minecraft:torch":106,"minecraft:dirt":573,"minecraft:granite":1,"alexsmobs:maggot":1,"minecraft:iron_axe":23,"minecraft:iron_boots":3,"minecraft:light_gray_wool":2,"tombstone:gift":4,"minecraft:cobbled_deepslate":7,"minecraft:iron_leggings":1,"minecraft:wheat_seeds":18,"minecraft:cooked_mutton":3,"minecraft:water_bucket":88,"minecraft:baked_potato":22,"minecraft:oak_slab":68,"minecraft:crafting_table":6,"minecraft:red_bed":5,"minecraft:white_bed":9,"smarter_mobs:spider_web":3,"minecraft:oak_log":5,"minecraft:iron_pickaxe":391,"minecraft:stone_axe":67,"minecraft:cobblestone":169,"minecraft:porkchop":3,"minecraft:cooked_porkchop":3,"minecraft:bucket":90,"minecraft:glass_pane":118,"alexsmobs:animal_dictionary":1},"minecraft:killed":{"minecraft:spider":13,"minecraft:skeleton":10,"minecraft:chicken":1,"minecraft:pig":2,"minecraft:creeper":4,"alexsmobs:crimson_mosquito":2,"minecraft:sheep":4,"minecraft:zombie":27,"alexsmobs:fly":2,"mowziesmobs:umvuthana_raptor":3,"alexsmobs:soul_vulture":1,"mowziesmobs:umvuthana_follower_raptor":9,"alexsmobs:gazelle":1,"minecraft:enderman":1},"minecraft:mined":{"gamma_beasts:roble_hoja_1":9,"minecraft:white_bed":6,"gamma_beasts:thin_acacia_log":6,"minecraft:granite":3,"minecraft:acacia_log":18,"minecraft:grass_block":100,"unusualprehistory:plant_fossil":5,"minecraft:composter":2,"minecraft:raw_iron_block":2,"minecraft:iron_ore":63,"minecraft:enchanting_table":1,"minecraft:orange_bed":14,"minecraft:red_bed":3,"minecraft:torch":13,"minecraft:cobblestone":60,"minecraft:sugar_cane":2,"minecraft:oak_planks":9,"minecraft:wall_torch":5,"minecraft:wheat":5,"minecraft:light_gray_wool":2,"minecraft:grass":11,"minecraft:oak_log":100,"minecraft:sand":67,"minecraft:dirt":173,"minecraft:netherrack":1,"minecraft:oak_leaves":14,"minecraft:deepslate":16,"minecraft:tuff":9,"gamma_beasts:roblo_hoja":9,"minecraft:sandstone":16,"industrialforegoing:fluid_extractor":1,"minecraft:furnace":1,"minecraft:acacia_trapdoor":2,"gamma_beasts:prehnite_ore":2,"minecraft:andesite":1,"minecraft:gold_block":3,"gamma_beasts:acacia_hoja":11,"minecraft:potatoes":163,"minecraft:deepslate_iron_ore":28,"minecraft:stone":196,"minecraft:oak_slab":8,"minecraft:glass_pane":1,"smarter_mobs:spider_web":4,"minecraft:crafting_table":5,"gamma_beasts:acacia_hoja_1":2,"minecraft:emerald_ore":4,"minecraft:tall_grass":1,"minecraft:diorite":1,"minecraft:coarse_dirt":70,"gamma_beasts:thin_oak_log":46,"minecraft:coal_ore":70,"minecraft:gravel":1}},"DataVersion":3465}