{"stats":{"minecraft:custom":{"minecraft:mob_kills":57,"minecraft:interact_with_crafting_table":29,"minecraft:damage_dealt_resisted":51,"minecraft:leave_game":20,"minecraft:time_since_death":13434,"minecraft:climb_one_cm":1602,"minecraft:sprint_one_cm":431395,"minecraft:walk_one_cm":419638,"minecraft:damage_blocked_by_shield":2765,"minecraft:drop":34,"minecraft:damage_dealt_absorbed":79,"minecraft:talked_to_villager":11,"minecraft:play_time":202934,"minecraft:deaths":13,"minecraft:sneak_time":12340,"minecraft:walk_under_water_one_cm":46298,"minecraft:jump":4187,"minecraft:walk_on_water_one_cm":47277,"minecraft:total_world_time":202934,"minecraft:interact_with_furnace":36,"minecraft:sleep_in_bed":16,"minecraft:time_since_rest":7168,"minecraft:waystone_activated":1,"minecraft:damage_taken":5965,"minecraft:damage_dealt":6927,"minecraft:swim_one_cm":41139,"minecraft:fly_one_cm":904044,"minecraft:player_kills":1,"minecraft:open_chest":16,"minecraft:crouch_one_cm":37998,"tombstone:undead_killed":27,"minecraft:fall_one_cm":110804},"minecraft:mined":{"minecraft:tuff":9,"minecraft:white_bed":6,"gamma_beasts:thin_acacia_log":6,"minecraft:granite":2,"minecraft:acacia_log":7,"minecraft:grass_block":5,"unusualprehistory:plant_fossil":5,"minecraft:sandstone":16,"minecraft:raw_iron_block":2,"minecraft:furnace":1,"minecraft:iron_ore":41,"gamma_beasts:prehnite_ore":2,"minecraft:andesite":1,"gamma_beasts:acacia_hoja":11,"minecraft:deepslate_iron_ore":28,"minecraft:stone":137,"minecraft:orange_bed":13,"smarter_mobs:spider_web":3,"minecraft:red_bed":3,"minecraft:crafting_table":4,"gamma_beasts:acacia_hoja_1":2,"minecraft:torch":2,"minecraft:emerald_ore":1,"minecraft:tall_grass":1,"minecraft:cobblestone":38,"minecraft:diorite":1,"minecraft:wall_torch":5,"minecraft:coarse_dirt":1,"minecraft:grass":6,"minecraft:coal_ore":48,"minecraft:gravel":1,"minecraft:dirt":4,"minecraft:deepslate":16},"minecraft:picked_up":{"minecraft:crafting_table":4,"minecraft:coarse_dirt":1,"minecraft:shield":1,"minecraft:cooked_salmon":9,"minecraft:string":7,"minecraft:red_bed":5,"minecraft:iron_leggings":2,"minecraft:flint_and_steel":1,"gamma_beasts:acacia_leaf":6,"minecraft:cobbled_deepslate":16,"unusualprehistory:plant_fossil_item":5,"minecraft:iron_boots":1,"minecraft:furnace":2,"minecraft:raw_iron":72,"minecraft:sandstone":48,"minecraft:copper_ingot":90,"minecraft:torch":10,"minecraft:acacia_log":11,"minecraft:porkchop":4,"tombstone:grave_dust":13,"minecraft:diorite":1,"minecraft:orange_bed":13,"minecraft:arrow":12,"minecraft:cactus":10,"minecraft:rotten_flesh":25,"gamma_beasts:kiwi":20,"mowziesmobs:umvuthana_mask_bliss":1,"alexsmobs:emu_egg":2,"gamma_beasts:coal_nugget":19,"minecraft:mutton":3,"minecraft:white_wool":2,"minecraft:cobblestone":193,"mowziesmobs:umvuthana_mask_fury":1,"minecraft:feather":16,"minecraft:glow_ink_sac":26,"gamma_beasts:prehnite":2,"minecraft:potato":2,"minecraft:tuff":4,"minecraft:gunpowder":1,"minecraft:lapis_lazuli":4,"minecraft:dirt":75,"smarter_mobs:spider_web":6,"jeg:grenade":6,"minecraft:bone":10,"mowziesmobs:umvuthana_mask_rage":2,"minecraft:wheat_seeds":3,"minecraft:stone_pickaxe":1,"minecraft:iron_ingot":7,"minecraft:raw_iron_block":2,"minecraft:gravel":7,"minecraft:sand":5,"gamma_beasts:thin_acacia_log":6,"minecraft:white_bed":8,"minecraft:acacia_stairs":2,"minecraft:spider_eye":2,"minecraft:bundle":1,"minecraft:chainmail_leggings":1,"minecraft:emerald":1,"minecraft:bread":40,"minecraft:chainmail_helmet":1,"mowziesmobs:umvuthana_mask_fear":2,"alexsmobs:maggot":1,"minecraft:coal":98,"minecraft:ender_pearl":1},"minecraft:used":{"alexsmobs:emu_egg":1,"minecraft:chest":2,"minecraft:shield":125,"minecraft:iron_sword":143,"minecraft:rotten_flesh":17,"minecraft:iron_chestplate":1,"minecraft:orange_bed":13,"minecraft:torch":52,"minecraft:dirt":7,"minecraft:mutton":1,"minecraft:tuff":2,"jeg:grenade":3,"alexsmobs:maggot":1,"minecraft:iron_axe":5,"minecraft:iron_helmet":1,"minecraft:iron_boots":1,"mowziesmobs:umvuthana_mask_rage":1,"minecraft:furnace":5,"tombstone:gift":4,"minecraft:cobbled_deepslate":7,"minecraft:iron_leggings":1,"minecraft:stone_pickaxe":100,"minecraft:wooden_pickaxe":5,"minecraft:sandstone":56,"minecraft:sand":9,"minecraft:crafting_table":4,"minecraft:red_bed":5,"minecraft:white_bed":9,"smarter_mobs:spider_web":3,"gamma_beasts:kiwi":19,"minecraft:bread":27,"minecraft:iron_pickaxe":252,"minecraft:gravel":2,"minecraft:stone_axe":67,"minecraft:cobblestone":162,"minecraft:porkchop":3,"alexsmobs:animal_dictionary":1},"minecraft:killed_by":{"minecraft:player":1,"mowziesmobs:umvuthana_follower_raptor":1,"minecraft:zombie":1},"minecraft:crafted":{"minecraft:raw_iron":27,"minecraft:furnace":3,"minecraft:iron_boots":1,"minecraft:iron_axe":1,"minecraft:stone_pickaxe":1,"minecraft:chest":2,"minecraft:raw_iron_block":3,"minecraft:crafting_table":1,"minecraft:iron_helmet":1,"minecraft:wooden_pickaxe":1,"minecraft:iron_sword":2,"minecraft:stone_axe":1,"minecraft:air":0,"minecraft:iron_chestplate":1,"minecraft:shield":1,"minecraft:stick":44,"minecraft:iron_pickaxe":2,"minecraft:iron_ingot":63,"minecraft:iron_leggings":1,"minecraft:white_bed":1,"minecraft:acacia_planks":56,"minecraft:torch":56},"minecraft:broken":{"minecraft:shield":1},"minecraft:killed":{"minecraft:spider":7,"minecraft:skeleton":8,"minecraft:chicken":1,"minecraft:pig":2,"mowziesmobs:umvuthana_follower_raptor":9,"minecraft:creeper":3,"minecraft:sheep":2,"minecraft:zombie":19,"alexsmobs:gazelle":1,"alexsmobs:fly":2,"mowziesmobs:umvuthana_raptor":3},"minecraft:dropped":{"minecraft:bread":11,"minecraft:wheat_seeds":3,"minecraft:glow_ink_sac":23,"minecraft:cobblestone":1,"mowziesmobs:umvuthana_mask_fear":2,"jeg:grenade":3,"minecraft:stick":1,"minecraft:mutton":2,"tombstone:grave_key":1,"tombstone:grave_dust":14,"minecraft:chainmail_leggings":1,"minecraft:acacia_planks":2,"minecraft:stone_axe":1,"minecraft:coarse_dirt":1,"minecraft:cobbled_deepslate":11,"minecraft:tuff":2,"minecraft:rotten_flesh":12,"minecraft:iron_boots":1,"gamma_beasts:kiwi":1,"alexsmobs:emu_egg":1,"minecraft:acacia_stairs":2,"minecraft:potato":1,"minecraft:shield":1,"minecraft:spider_eye":1,"minecraft:wooden_pickaxe":1,"minecraft:stone_pickaxe":1}},"DataVersion":3465}