{"stats":{"minecraft:killed":{"minecraft:sheep":2,"minecraft:zombie":1,"minecraft:pig":1,"mowziesmobs:umvuthana_follower_raptor":6,"mowziesmobs:umvuthana_raptor":1},"minecraft:picked_up":{"minecraft:crafting_table":2,"minecraft:sandstone":35,"minecraft:feather":8,"minecraft:torch":2,"minecraft:acacia_log":9,"minecraft:gravel":2,"minecraft:porkchop":3,"minecraft:sand":5,"gamma_beasts:thin_acacia_log":6,"minecraft:diorite":1,"minecraft:white_bed":6,"minecraft:dirt":16,"minecraft:red_bed":3,"minecraft:string":2,"gamma_beasts:acacia_leaf":6,"minecraft:bundle":1,"minecraft:arrow":2,"minecraft:bone":1,"mowziesmobs:umvuthana_mask_rage":2,"minecraft:wheat_seeds":1,"gamma_beasts:kiwi":20,"gamma_beasts:coal_nugget":12,"mowziesmobs:umvuthana_mask_fear":2,"minecraft:mutton":2,"minecraft:coal":35,"minecraft:white_wool":2,"minecraft:cobblestone":36},"minecraft:crafted":{"minecraft:crafting_table":1,"minecraft:stick":8,"minecraft:wooden_pickaxe":1,"minecraft:stone_pickaxe":1,"minecraft:acacia_planks":20,"minecraft:torch":4,"minecraft:stone_axe":1},"minecraft:custom":{"minecraft:time_since_rest":6908,"minecraft:waystone_activated":1,"minecraft:sprint_one_cm":86085,"minecraft:damage_taken":1941,"minecraft:walk_one_cm":75349,"minecraft:mob_kills":11,"minecraft:damage_dealt":767,"minecraft:swim_one_cm":5288,"minecraft:interact_with_crafting_table":3,"minecraft:fly_one_cm":182898,"minecraft:crouch_one_cm":6028,"tombstone:undead_killed":1,"minecraft:play_time":45549,"minecraft:deaths":5,"minecraft:sneak_time":2065,"minecraft:walk_under_water_one_cm":394,"minecraft:damage_dealt_resisted":18,"minecraft:jump":816,"minecraft:walk_on_water_one_cm":925,"minecraft:leave_game":1,"minecraft:time_since_death":7205,"minecraft:sleep_in_bed":4,"minecraft:climb_one_cm":1542,"minecraft:total_world_time":45549,"minecraft:fall_one_cm":20941},"minecraft:mined":{"minecraft:white_bed":4,"minecraft:red_bed":1,"gamma_beasts:thin_acacia_log":6,"gamma_beasts:acacia_hoja_1":2,"minecraft:torch":2,"minecraft:crafting_table":2,"gamma_beasts:acacia_hoja":11,"minecraft:grass":4,"minecraft:acacia_log":5,"minecraft:coal_ore":35,"minecraft:tall_grass":1,"minecraft:stone":23,"minecraft:diorite":1,"minecraft:sandstone":2},"minecraft:used":{"gamma_beasts:kiwi":11,"minecraft:stone_pickaxe":61,"minecraft:wooden_pickaxe":5,"minecraft:sandstone":31,"minecraft:stone_axe":34,"minecraft:torch":4,"mowziesmobs:umvuthana_mask_rage":1,"minecraft:sand":9,"minecraft:crafting_table":2,"minecraft:red_bed":3,"tombstone:gift":2,"minecraft:white_bed":5}},"DataVersion":3465}