{"stats":{"minecraft:picked_up":{"minecraft:crafting_table":4,"gamma_beasts:thin_oak_log":2,"minecraft:coarse_dirt":39,"minecraft:shield":1,"minecraft:string":12,"minecraft:red_bed":5,"minecraft:iron_leggings":3,"minecraft:cooked_salmon":9,"gamma_beasts:acacia_leaf":6,"minecraft:flint_and_steel":1,"minecraft:cobbled_deepslate":16,"unusualprehistory:plant_fossil_item":5,"minecraft:light_gray_wool":3,"minecraft:sugar_cane":4,"minecraft:iron_boots":1,"minecraft:furnace":2,"minecraft:stick":2,"minecraft:raw_iron":72,"minecraft:sandstone":48,"minecraft:copper_ingot":90,"minecraft:torch":10,"minecraft:acacia_log":22,"minecraft:porkchop":4,"tombstone:grave_dust":13,"minecraft:diorite":1,"minecraft:orange_bed":13,"minecraft:arrow":12,"minecraft:cactus":10,"minecraft:rotten_flesh":33,"gamma_beasts:kiwi":20,"mowziesmobs:umvuthana_mask_bliss":1,"alexsmobs:emu_egg":2,"gamma_beasts:coal_nugget":19,"minecraft:mutton":6,"minecraft:white_wool":3,"minecraft:cobblestone":208,"mowziesmobs:umvuthana_mask_fury":1,"minecraft:feather":16,"minecraft:glow_ink_sac":26,"minecraft:leather":8,"gamma_beasts:prehnite":2,"minecraft:potato":144,"minecraft:tuff":4,"gamma_beasts:green_apple":9,"gamma_beasts:oak_leaf":4,"minecraft:gunpowder":4,"minecraft:lapis_lazuli":4,"minecraft:dirt":297,"smarter_mobs:spider_web":8,"jeg:grenade":8,"minecraft:bone":26,"mowziesmobs:umvuthana_mask_rage":4,"minecraft:bow":1,"minecraft:wheat_seeds":7,"minecraft:stone_pickaxe":1,"minecraft:iron_ingot":39,"minecraft:raw_iron_block":2,"minecraft:gravel":7,"minecraft:sand":5,"gamma_beasts:thin_acacia_log":6,"minecraft:white_bed":8,"minecraft:acacia_stairs":2,"minecraft:spider_eye":2,"minecraft:bundle":2,"minecraft:chainmail_leggings":1,"minecraft:emerald":1,"minecraft:bread":40,"minecraft:chainmail_helmet":1,"mowziesmobs:umvuthana_mask_fear":2,"alexsmobs:maggot":1,"minecraft:acacia_slab":1,"minecraft:coal":98,"minecraft:ender_pearl":1},"minecraft:killed":{"minecraft:spider":8,"minecraft:skeleton":8,"minecraft:chicken":1,"minecraft:pig":2,"mowziesmobs:umvuthana_follower_raptor":9,"minecraft:creeper":4,"minecraft:sheep":4,"minecraft:zombie":22,"alexsmobs:gazelle":1,"alexsmobs:fly":2,"mowziesmobs:umvuthana_raptor":3},"minecraft:killed_by":{"minecraft:player":2,"mowziesmobs:umvuthana_follower_raptor":1,"minecraft:zombie":2},"minecraft:dropped":{"minecraft:iron_ingot":32,"minecraft:bread":11,"minecraft:wheat_seeds":4,"minecraft:glow_ink_sac":23,"minecraft:ender_pearl":1,"minecraft:cobblestone":1,"mowziesmobs:umvuthana_mask_fear":2,"minecraft:leather":4,"jeg:grenade":3,"minecraft:stick":1,"minecraft:dirt":58,"minecraft:mutton":2,"tombstone:grave_key":1,"tombstone:grave_dust":14,"minecraft:chainmail_leggings":1,"minecraft:string":7,"minecraft:acacia_planks":2,"minecraft:stone_axe":1,"mowziesmobs:umvuthana_mask_rage":2,"minecraft:coarse_dirt":6,"minecraft:cobbled_deepslate":11,"minecraft:tuff":2,"minecraft:rotten_flesh":12,"minecraft:light_gray_wool":1,"minecraft:iron_boots":1,"gamma_beasts:kiwi":1,"alexsmobs:emu_egg":1,"minecraft:acacia_stairs":2,"smarter_mobs:spider_web":4,"minecraft:potato":7,"minecraft:shield":1,"minecraft:acacia_slab":1,"minecraft:spider_eye":1,"minecraft:bow":1,"minecraft:wooden_pickaxe":1,"minecraft:stone_pickaxe":1},"minecraft:mined":{"minecraft:tuff":9,"gamma_beasts:roble_hoja_1":5,"minecraft:white_bed":6,"gamma_beasts:thin_acacia_log":6,"gamma_beasts:roblo_hoja":4,"minecraft:granite":2,"minecraft:acacia_log":18,"minecraft:grass_block":87,"unusualprehistory:plant_fossil":5,"minecraft:sandstone":16,"minecraft:raw_iron_block":2,"minecraft:furnace":1,"minecraft:iron_ore":41,"gamma_beasts:prehnite_ore":2,"minecraft:andesite":1,"gamma_beasts:acacia_hoja":11,"minecraft:potatoes":51,"minecraft:deepslate_iron_ore":28,"minecraft:stone":144,"minecraft:orange_bed":13,"smarter_mobs:spider_web":3,"minecraft:red_bed":3,"minecraft:crafting_table":4,"gamma_beasts:acacia_hoja_1":2,"minecraft:torch":2,"minecraft:emerald_ore":1,"minecraft:tall_grass":1,"minecraft:cobblestone":42,"minecraft:sugar_cane":2,"minecraft:diorite":1,"minecraft:wall_torch":5,"minecraft:coarse_dirt":39,"minecraft:light_gray_wool":2,"gamma_beasts:thin_oak_log":2,"minecraft:grass":10,"minecraft:coal_ore":48,"minecraft:gravel":1,"minecraft:dirt":67,"minecraft:deepslate":16},"minecraft:custom":{"minecraft:mob_kills":66,"minecraft:interact_with_crafting_table":46,"minecraft:damage_dealt_resisted":51,"minecraft:leave_game":26,"minecraft:time_since_death":193,"minecraft:climb_one_cm":1982,"minecraft:sprint_one_cm":558385,"minecraft:walk_one_cm":614064,"minecraft:damage_blocked_by_shield":2820,"minecraft:drop":48,"minecraft:damage_dealt_absorbed":79,"minecraft:talked_to_villager":11,"minecraft:play_time":291399,"minecraft:deaths":16,"minecraft:sneak_time":18281,"minecraft:walk_under_water_one_cm":83381,"minecraft:jump":5368,"minecraft:walk_on_water_one_cm":53290,"minecraft:total_world_time":291399,"minecraft:interact_with_furnace":60,"minecraft:sleep_in_bed":21,"minecraft:time_since_rest":1,"minecraft:waystone_activated":1,"minecraft:damage_taken":8754,"minecraft:damage_dealt":8414,"minecraft:player_kills":1,"minecraft:swim_one_cm":43291,"minecraft:fly_one_cm":1059026,"minecraft:open_chest":16,"minecraft:crouch_one_cm":64666,"tombstone:undead_killed":30,"minecraft:interact_with_smoker":4,"minecraft:fall_one_cm":153676},"minecraft:broken":{"minecraft:stone_hoe":1,"minecraft:shield":1,"minecraft:iron_pickaxe":1,"minecraft:iron_helmet":1},"minecraft:crafted":{"minecraft:oak_planks":4,"minecraft:raw_iron":27,"minecraft:stone_shovel":1,"minecraft:furnace":4,"minecraft:bone_meal":78,"minecraft:cooked_mutton":3,"minecraft:iron_boots":1,"sophisticatedbackpacks:copper_backpack":1,"minecraft:iron_axe":1,"minecraft:stone_pickaxe":1,"minecraft:chest":3,"minecraft:stone_hoe":1,"sophisticatedbackpacks:iron_backpack":1,"minecraft:raw_iron_block":3,"sophisticatedbackpacks:backpack":1,"minecraft:crafting_table":1,"minecraft:acacia_slab":18,"minecraft:iron_helmet":2,"minecraft:wooden_pickaxe":1,"minecraft:iron_sword":2,"minecraft:bucket":2,"minecraft:stone_axe":1,"minecraft:air":0,"minecraft:iron_chestplate":1,"minecraft:shield":2,"minecraft:stick":44,"minecraft:iron_ingot":71,"minecraft:iron_pickaxe":2,"minecraft:iron_leggings":1,"minecraft:white_bed":1,"minecraft:composter":2,"minecraft:acacia_planks":100,"minecraft:torch":56},"minecraft:used":{"alexsmobs:emu_egg":1,"minecraft:stone_shovel":128,"minecraft:chest":2,"minecraft:shield":127,"gamma_beasts:green_apple":9,"minecraft:iron_sword":176,"minecraft:cooked_salmon":9,"minecraft:rotten_flesh":25,"minecraft:stone_hoe":131,"minecraft:iron_chestplate":1,"minecraft:orange_bed":13,"minecraft:torch":52,"minecraft:dirt":233,"minecraft:mutton":1,"minecraft:tuff":2,"jeg:grenade":5,"alexsmobs:maggot":1,"minecraft:iron_axe":21,"minecraft:iron_helmet":2,"minecraft:iron_boots":1,"minecraft:light_gray_wool":2,"mowziesmobs:umvuthana_mask_rage":1,"minecraft:furnace":6,"tombstone:gift":4,"minecraft:potato":147,"minecraft:cobbled_deepslate":7,"minecraft:iron_leggings":1,"minecraft:wheat_seeds":3,"minecraft:cooked_mutton":3,"minecraft:water_bucket":17,"minecraft:stone_pickaxe":100,"minecraft:wooden_pickaxe":5,"minecraft:sandstone":56,"minecraft:composter":2,"minecraft:sugar_cane":4,"minecraft:sand":9,"minecraft:crafting_table":4,"minecraft:red_bed":5,"minecraft:white_bed":9,"smarter_mobs:spider_web":3,"gamma_beasts:kiwi":19,"minecraft:bread":29,"minecraft:iron_pickaxe":263,"minecraft:gravel":2,"minecraft:stone_axe":67,"minecraft:cobblestone":166,"minecraft:porkchop":3,"minecraft:bucket":19,"alexsmobs:animal_dictionary":1,"minecraft:coarse_dirt":33,"minecraft:bone_meal":78}},"DataVersion":3465}