{"stats":{"minecraft:custom":{"minecraft:interact_with_crafting_table":143,"minecraft:open_barrel":2,"goblintraders:trade_with_goblin":60,"minecraft:leave_game":43,"minecraft:time_since_death":0,"minecraft:sprint_one_cm":1191582,"minecraft:damage_blocked_by_shield":5480,"minecraft:drop":129,"minecraft:talked_to_villager":15,"minecraft:play_time":579823,"minecraft:deaths":25,"minecraft:jump":9875,"minecraft:walk_on_water_one_cm":87507,"minecraft:enchant_item":1,"minecraft:interact_with_furnace":119,"minecraft:interact_with_loom":1,"minecraft:sleep_in_bed":37,"minecraft:waystone_activated":2,"minecraft:damage_dealt":16530,"minecraft:player_kills":1,"minecraft:crouch_one_cm":164749,"tombstone:undead_killed":61,"minecraft:interact_with_smoker":20,"minecraft:mob_kills":115,"minecraft:interact_with_anvil":2,"minecraft:damage_dealt_resisted":51,"minecraft:climb_one_cm":5247,"minecraft:walk_one_cm":1402421,"minecraft:damage_dealt_absorbed":79,"minecraft:sneak_time":42687,"minecraft:walk_under_water_one_cm":135200,"minecraft:interact_with_blast_furnace":9,"minecraft:total_world_time":579823,"minecraft:time_since_rest":0,"minecraft:damage_taken":14203,"minecraft:swim_one_cm":72125,"minecraft:fly_one_cm":1835122,"minecraft:open_chest":20,"minecraft:fall_one_cm":278162},"minecraft:killed_by":{"mowziesmobs:umvuthana_follower_raptor":1,"minecraft:zombie":2,"minecraft:player":2,"goblintraders:goblin_trader":1},"minecraft:broken":{"minecraft:iron_boots":1,"minecraft:iron_chestplate":1,"minecraft:iron_leggings":3,"minecraft:iron_sword":1,"minecraft:stone_shovel":1,"minecraft:stone_hoe":1,"minecraft:shield":3,"minecraft:iron_pickaxe":4,"minecraft:iron_helmet":1},"minecraft:picked_up":{"gamma_beasts:thin_oak_log":45,"minecraft:wheat":18,"minecraft:redstone_block":4,"minecraft:smithing_table":1,"minecraft:enchanted_book":3,"tombstone:grave_key":1,"minecraft:string":16,"minecraft:raw_copper":41,"minecraft:cooked_salmon":9,"minecraft:iron_leggings":4,"alexsmobs:blood_sac":1,"minecraft:gold_nugget":11,"minecraft:cobbled_deepslate":202,"bosses_of_mass_destruction:soul_star":1,"minecraft:bucket":2,"minecraft:cobblestone_slab":1,"unusualprehistory:plant_fossil_item":5,"minecraft:iron_pickaxe":1,"minecraft:iron_boots":1,"minecraft:furnace":6,"minecraft:stick":14,"minecraft:composter":2,"minecraft:torch":35,"minecraft:acacia_log":22,"minecraft:porkchop":4,"tombstone:grave_dust":15,"minecraft:diorite":7,"minecraft:orange_bed":20,"minecraft:stone_sword":3,"minecraft:cactus":10,"minecraft:rotten_flesh":57,"gamma_beasts:kiwi":20,"alexsmobs:emu_egg":2,"gamma_beasts:coal_nugget":37,"minecraft:cobblestone":537,"minecraft:enchanting_table":2,"minecraft:feather":16,"minecraft:water_bucket":1,"minecraft:andesite":2,"minecraft:smoker":1,"gamma_beasts:prehnite":2,"minecraft:potato":351,"minecraft:tuff":45,"create:raw_zinc":3,"gamma_beasts:oak_leaf":8,"minecraft:lapis_lazuli":111,"smarter_mobs:spider_web":12,"minecraft:dirt":663,"minecraft:bone":47,"minecraft:acacia_planks":2,"minecraft:bow":1,"minecraft:wheat_seeds":73,"minecraft:oak_planks":83,"minecraft:poisonous_potato":1,"minecraft:sand":73,"minecraft:acacia_stairs":2,"minecraft:bundle":3,"minecraft:diamond":14,"minecraft:granite":35,"minecraft:emerald":4,"minecraft:chainmail_helmet":3,"minecraft:bread":47,"alexsmobs:maggot":3,"industrialforegoing:latex_bucket":1,"minecraft:oak_sapling":24,"minecraft:netherrack":2,"minecraft:coarse_dirt":72,"minecraft:crafting_table":10,"industrialforegoing:fluid_extractor":1,"minecraft:gold_block":4,"minecraft:shield":2,"minecraft:oak_trapdoor":1,"minecraft:red_bed":6,"minecraft:flint_and_steel":1,"gamma_beasts:acacia_leaf":6,"minecraft:iron_shovel":1,"minecraft:light_gray_wool":3,"minecraft:chest":1,"minecraft:sugar_cane":4,"minecraft:egg":2,"minecraft:sandstone":48,"minecraft:raw_iron":170,"minecraft:copper_ingot":90,"minecraft:redstone":171,"minecraft:arrow":22,"minecraft:diamond_chestplate":1,"minecraft:cooked_cod":3,"mowziesmobs:umvuthana_mask_bliss":1,"minecraft:gold_ingot":122,"minecraft:mutton":6,"minecraft:white_wool":3,"mowziesmobs:umvuthana_mask_fury":1,"minecraft:glow_ink_sac":26,"minecraft:leather":20,"gamma_beasts:green_apple":24,"minecraft:oak_log":133,"minecraft:gunpowder":13,"minecraft:paper":85,"jeg:grenade":9,"minecraft:apple":1,"mowziesmobs:umvuthana_mask_rage":4,"industrialforegoing:latex_processing_unit":1,"minecraft:acacia_trapdoor":2,"industrialforegoing:pitiful_generator":1,"minecraft:iron_ingot":199,"minecraft:stone_pickaxe":1,"minecraft:iron_sword":1,"minecraft:oak_slab":8,"minecraft:spyglass":1,"minecraft:raw_iron_block":2,"minecraft:gravel":9,"gamma_beasts:thin_acacia_log":6,"minecraft:amethyst_shard":8,"mowziesmobs:wrought_helmet":1,"minecraft:spruce_sapling":6,"minecraft:white_bed":8,"minecraft:crying_obsidian":8,"minecraft:spider_eye":4,"minecraft:chainmail_leggings":1,"minecraft:iron_helmet":4,"minecraft:diamond_axe":1,"mowziesmobs:umvuthana_mask_fear":3,"tombstone:magic_scroll":2,"minecraft:acacia_slab":1,"minecraft:melon_seeds":6,"minecraft:coal":158,"minecraft:ender_pearl":4},"minecraft:dropped":{"minecraft:diamond_axe":2,"minecraft:lapis_lazuli":64,"minecraft:oak_log":19,"minecraft:glow_ink_sac":23,"minecraft:ender_pearl":3,"minecraft:leather":13,"jeg:grenade":3,"minecraft:dirt":64,"minecraft:mutton":2,"minecraft:amethyst_shard":6,"minecraft:gold_ingot":110,"minecraft:stone_axe":1,"mowziesmobs:umvuthana_mask_rage":2,"minecraft:cobbled_deepslate":67,"minecraft:rotten_flesh":24,"minecraft:oak_planks":121,"gamma_beasts:kiwi":1,"alexsmobs:emu_egg":1,"minecraft:acacia_stairs":2,"smarter_mobs:spider_web":4,"minecraft:melon_seeds":6,"minecraft:acacia_slab":1,"minecraft:arrow":4,"minecraft:crying_obsidian":5,"minecraft:netherrack":2,"minecraft:enchanted_book":2,"minecraft:iron_ingot":217,"minecraft:bread":11,"minecraft:wheat_seeds":41,"minecraft:poisonous_potato":1,"minecraft:iron_helmet":4,"minecraft:cobblestone":2,"minecraft:book":1,"mowziesmobs:umvuthana_mask_fear":3,"minecraft:granite":34,"minecraft:chainmail_helmet":1,"minecraft:stick":2,"tombstone:magic_scroll":2,"minecraft:torch":5,"tombstone:grave_key":2,"tombstone:grave_dust":15,"minecraft:chainmail_leggings":1,"minecraft:iron_shovel":1,"minecraft:paper":79,"minecraft:string":7,"minecraft:bucket":2,"minecraft:acacia_planks":21,"minecraft:spruce_sapling":1,"minecraft:redstone":89,"alexsmobs:maggot":2,"minecraft:coarse_dirt":6,"minecraft:stone_sword":3,"minecraft:tuff":43,"minecraft:light_gray_wool":1,"minecraft:iron_boots":1,"minecraft:smoker":1,"minecraft:potato":7,"minecraft:shield":2,"minecraft:diamond_chestplate":1,"minecraft:andesite":1,"minecraft:spider_eye":3,"minecraft:bow":1,"minecraft:stone_pickaxe":1,"minecraft:wooden_pickaxe":1},"minecraft:crafted":{"industrialforegoing:common_black_hole_tank":3,"minecraft:oak_planks":340,"minecraft:cobblestone_slab":12,"industrialforegoing:iron_gear":5,"minecraft:cooked_mutton":3,"minecraft:iron_bars":16,"minecraft:glass":64,"industrialforegoing:pitiful_generator":1,"industrialforegoing:water_condensator":1,"minecraft:iron_boots":2,"sophisticatedbackpacks:copper_backpack":1,"tombstone:grave_key":1,"minecraft:chest":3,"minecraft:stone_hoe":2,"gamma_beasts:cooked_meat":2,"minecraft:golden_boots":1,"minecraft:raw_iron_block":3,"minecraft:oak_slab":57,"sophisticatedbackpacks:backpack":1,"minecraft:cooked_porkchop":4,"minecraft:diamond_axe":1,"minecraft:crafting_table":3,"minecraft:acacia_slab":18,"minecraft:iron_helmet":3,"minecraft:baked_potato":27,"minecraft:wooden_pickaxe":1,"minecraft:copper_ingot":60,"industrialforegoing:fluid_extractor":5,"minecraft:iron_chestplate":2,"minecraft:book":2,"minecraft:diamond_pickaxe":1,"minecraft:shield":4,"minecraft:light_weighted_pressure_plate":8,"minecraft:stick":72,"minecraft:iron_ingot":198,"minecraft:iron_pickaxe":3,"minecraft:gold_ingot":37,"minecraft:composter":2,"minecraft:oak_door":3,"minecraft:raw_iron":27,"minecraft:coal":1,"minecraft:stone_shovel":1,"minecraft:furnace":4,"minecraft:piston":9,"minecraft:bone_meal":78,"minecraft:oak_trapdoor":8,"minecraft:glass_pane":128,"minecraft:iron_axe":1,"minecraft:ladder":3,"minecraft:stone_pickaxe":1,"minecraft:redstone_block":8,"sophisticatedbackpacks:iron_backpack":1,"minecraft:iron_sword":2,"industrialforegoing:machine_frame_pity":11,"minecraft:bucket":14,"minecraft:stone_axe":1,"minecraft:bread":5,"minecraft:air":0,"industrialforegoing:latex_processing_unit":1,"minecraft:iron_shovel":1,"minecraft:iron_leggings":2,"minecraft:white_bed":1,"minecraft:acacia_planks":100,"minecraft:torch":160,"industrialforegoing:plastic":9},"minecraft:used":{"alexsmobs:emu_egg":1,"minecraft:iron_shovel":190,"minecraft:ladder":3,"minecraft:chest":2,"minecraft:shield":195,"minecraft:iron_sword":374,"minecraft:rotten_flesh":33,"minecraft:iron_chestplate":2,"gamma_beasts:thin_oak_log":1,"minecraft:mutton":1,"minecraft:tuff":2,"jeg:grenade":6,"minecraft:lava_bucket":2,"minecraft:iron_helmet":3,"industrialforegoing:common_black_hole_tank":3,"mowziesmobs:umvuthana_mask_rage":1,"minecraft:cooked_cod":3,"minecraft:oak_sapling":21,"minecraft:furnace":8,"minecraft:egg":2,"minecraft:potato":304,"industrialforegoing:water_condensator":1,"minecraft:golden_boots":2,"minecraft:acacia_trapdoor":2,"minecraft:oak_planks":175,"minecraft:stone_pickaxe":100,"industrialforegoing:fluid_extractor":6,"minecraft:wooden_pickaxe":5,"minecraft:sandstone":56,"minecraft:composter":4,"minecraft:sugar_cane":4,"minecraft:diamond_axe":241,"minecraft:sand":13,"gamma_beasts:kiwi":19,"minecraft:bread":36,"tombstone:grave_key":1,"minecraft:gravel":2,"minecraft:andesite":1,"minecraft:coarse_dirt":66,"minecraft:bone_meal":78,"minecraft:oak_trapdoor":6,"minecraft:enchanting_table":1,"minecraft:flint_and_steel":1,"minecraft:stone_shovel":132,"gamma_beasts:green_apple":24,"minecraft:cooked_salmon":9,"minecraft:stone_hoe":221,"minecraft:oak_door":1,"minecraft:orange_bed":20,"minecraft:torch":184,"minecraft:spyglass":2,"minecraft:dirt":579,"minecraft:granite":1,"alexsmobs:maggot":1,"minecraft:iron_axe":25,"minecraft:iron_boots":3,"minecraft:light_gray_wool":2,"tombstone:gift":8,"minecraft:cobbled_deepslate":42,"minecraft:iron_leggings":2,"minecraft:wheat_seeds":32,"minecraft:cooked_mutton":3,"minecraft:water_bucket":108,"industrialforegoing:pitiful_generator":1,"minecraft:baked_potato":27,"minecraft:cobblestone_slab":4,"industrialforegoing:latex_processing_unit":2,"minecraft:oak_slab":68,"minecraft:crafting_table":11,"minecraft:red_bed":6,"minecraft:white_bed":9,"smarter_mobs:spider_web":4,"industrialforegoing:latex_bucket":2,"minecraft:oak_log":5,"minecraft:diamond_pickaxe":277,"minecraft:apple":1,"minecraft:iron_pickaxe":839,"minecraft:spruce_sapling":5,"minecraft:stone_axe":67,"minecraft:cobblestone":304,"minecraft:porkchop":3,"minecraft:cooked_porkchop":4,"minecraft:bucket":123,"minecraft:glass_pane":118,"alexsmobs:animal_dictionary":1},"minecraft:killed":{"minecraft:spider":18,"minecraft:skeleton":19,"minecraft:chicken":1,"minecraft:pig":2,"minecraft:creeper":4,"alexsmobs:crimson_mosquito":2,"minecraft:sheep":4,"minecraft:zombie":40,"alexsmobs:fly":2,"mowziesmobs:umvuthana_raptor":3,"mowziesmobs:ferrous_wroughtnaut":1,"alexsmobs:soul_vulture":1,"minecraft:drowned":1,"mowziesmobs:umvuthana_follower_raptor":9,"alexsmobs:gazelle":1,"minecraft:enderman":1},"minecraft:mined":{"gamma_beasts:roble_hoja_1":9,"minecraft:white_bed":6,"minecraft:oak_sapling":2,"gamma_beasts:thin_acacia_log":6,"minecraft:granite":36,"minecraft:acacia_log":18,"minecraft:grass_block":107,"unusualprehistory:plant_fossil":5,"minecraft:composter":2,"minecraft:raw_iron_block":2,"minecraft:iron_ore":121,"minecraft:cobbled_deepslate":6,"minecraft:fire":1,"minecraft:deepslate_lapis_ore":2,"minecraft:enchanting_table":1,"minecraft:orange_bed":20,"minecraft:deepslate_redstone_ore":4,"minecraft:red_bed":4,"minecraft:smoker":1,"minecraft:torch":18,"minecraft:chest":1,"minecraft:cobblestone":97,"minecraft:sugar_cane":2,"minecraft:oak_planks":23,"minecraft:wall_torch":5,"minecraft:wheat":19,"minecraft:light_gray_wool":2,"minecraft:grass":11,"minecraft:oak_log":134,"minecraft:sand":68,"minecraft:dirt":179,"industrialforegoing:latex_processing_unit":1,"minecraft:netherrack":1,"minecraft:oak_leaves":34,"minecraft:deepslate":146,"minecraft:tuff":51,"minecraft:deepslate_diamond_ore":11,"industrialforegoing:pitiful_generator":1,"gamma_beasts:roblo_hoja":9,"minecraft:sandstone":16,"industrialforegoing:fluid_extractor":1,"minecraft:redstone_ore":6,"minecraft:spruce_sapling":1,"minecraft:furnace":5,"minecraft:acacia_trapdoor":2,"gamma_beasts:prehnite_ore":3,"minecraft:andesite":19,"minecraft:gold_block":3,"gamma_beasts:acacia_hoja":11,"minecraft:potatoes":163,"minecraft:cobblestone_slab":1,"minecraft:deepslate_iron_ore":47,"minecraft:stone":488,"minecraft:smithing_table":1,"minecraft:oak_slab":8,"minecraft:glass_pane":1,"smarter_mobs:spider_web":4,"minecraft:crafting_table":10,"gamma_beasts:acacia_hoja_1":2,"minecraft:emerald_ore":4,"minecraft:tall_grass":1,"minecraft:copper_ore":13,"minecraft:lapis_ore":5,"minecraft:diorite":7,"minecraft:coarse_dirt":70,"minecraft:birch_leaves":2,"gamma_beasts:thin_oak_log":46,"minecraft:coal_ore":103,"minecraft:gravel":5}},"DataVersion":3465}