{"stats":{"minecraft:custom":{"minecraft:mob_kills":82,"minecraft:interact_with_crafting_table":97,"minecraft:damage_dealt_resisted":51,"minecraft:leave_game":33,"minecraft:time_since_death":121843,"minecraft:climb_one_cm":3272,"minecraft:sprint_one_cm":875420,"minecraft:walk_one_cm":988843,"minecraft:damage_blocked_by_shield":3130,"minecraft:drop":71,"minecraft:damage_dealt_absorbed":79,"minecraft:talked_to_villager":11,"minecraft:play_time":413049,"minecraft:deaths":16,"minecraft:sneak_time":30439,"minecraft:walk_under_water_one_cm":95353,"minecraft:jump":7392,"minecraft:interact_with_blast_furnace":2,"minecraft:walk_on_water_one_cm":63231,"minecraft:enchant_item":1,"minecraft:total_world_time":413049,"minecraft:interact_with_furnace":68,"minecraft:interact_with_loom":1,"minecraft:sleep_in_bed":25,"minecraft:waystone_activated":1,"minecraft:time_since_rest":38819,"minecraft:damage_taken":10105,"minecraft:damage_dealt":10712,"minecraft:player_kills":1,"minecraft:swim_one_cm":46467,"minecraft:fly_one_cm":1456103,"minecraft:open_chest":17,"minecraft:crouch_one_cm":124531,"tombstone:undead_killed":38,"minecraft:interact_with_smoker":13,"minecraft:fall_one_cm":205550},"minecraft:killed_by":{"minecraft:player":2,"mowziesmobs:umvuthana_follower_raptor":1,"minecraft:zombie":2},"minecraft:broken":{"minecraft:iron_boots":1,"minecraft:iron_leggings":1,"minecraft:stone_hoe":1,"minecraft:shield":1,"minecraft:iron_sword":1,"minecraft:iron_pickaxe":1,"minecraft:iron_helmet":1,"minecraft:stone_shovel":1},"minecraft:picked_up":{"minecraft:coarse_dirt":72,"gamma_beasts:thin_oak_log":45,"minecraft:crafting_table":5,"minecraft:wheat":4,"minecraft:redstone_block":4,"industrialforegoing:fluid_extractor":1,"minecraft:gold_block":3,"minecraft:enchanted_book":1,"minecraft:shield":1,"minecraft:string":13,"minecraft:oak_trapdoor":1,"minecraft:red_bed":5,"minecraft:cooked_salmon":9,"gamma_beasts:acacia_leaf":6,"minecraft:flint_and_steel":1,"minecraft:iron_leggings":3,"alexsmobs:blood_sac":1,"minecraft:gold_nugget":11,"minecraft:cobbled_deepslate":16,"unusualprehistory:plant_fossil_item":5,"minecraft:iron_pickaxe":1,"minecraft:light_gray_wool":3,"minecraft:sugar_cane":4,"minecraft:iron_boots":1,"minecraft:furnace":2,"minecraft:raw_iron":94,"minecraft:stick":2,"minecraft:sandstone":48,"minecraft:composter":2,"minecraft:copper_ingot":90,"minecraft:torch":22,"minecraft:acacia_log":22,"minecraft:porkchop":4,"tombstone:grave_dust":14,"minecraft:diorite":1,"minecraft:redstone":55,"minecraft:orange_bed":13,"minecraft:cactus":10,"minecraft:arrow":16,"minecraft:rotten_flesh":33,"gamma_beasts:kiwi":20,"mowziesmobs:umvuthana_mask_bliss":1,"alexsmobs:emu_egg":2,"gamma_beasts:coal_nugget":29,"minecraft:gold_ingot":51,"minecraft:mutton":6,"minecraft:white_wool":3,"minecraft:cobblestone":268,"minecraft:enchanting_table":2,"mowziesmobs:umvuthana_mask_fury":1,"minecraft:feather":16,"minecraft:glow_ink_sac":26,"minecraft:leather":19,"gamma_beasts:prehnite":2,"minecraft:potato":351,"minecraft:tuff":4,"minecraft:oak_log":99,"gamma_beasts:green_apple":24,"gamma_beasts:oak_leaf":8,"minecraft:gunpowder":4,"smarter_mobs:spider_web":9,"minecraft:lapis_lazuli":4,"minecraft:dirt":636,"minecraft:paper":85,"jeg:grenade":8,"minecraft:bone":33,"minecraft:acacia_planks":2,"mowziesmobs:umvuthana_mask_rage":4,"minecraft:acacia_trapdoor":2,"minecraft:bow":1,"minecraft:wheat_seeds":31,"minecraft:iron_ingot":103,"minecraft:stone_pickaxe":1,"minecraft:oak_planks":64,"minecraft:oak_slab":8,"minecraft:raw_iron_block":2,"minecraft:poisonous_potato":1,"minecraft:gravel":7,"minecraft:sand":72,"minecraft:amethyst_shard":8,"gamma_beasts:thin_acacia_log":6,"minecraft:spruce_sapling":1,"minecraft:white_bed":8,"minecraft:acacia_stairs":2,"minecraft:crying_obsidian":8,"minecraft:spider_eye":4,"minecraft:bundle":2,"minecraft:diamond":3,"minecraft:chainmail_leggings":1,"minecraft:granite":1,"minecraft:chainmail_helmet":1,"minecraft:bread":40,"minecraft:emerald":4,"mowziesmobs:umvuthana_mask_fear":2,"alexsmobs:maggot":3,"tombstone:magic_scroll":1,"minecraft:oak_sapling":1,"minecraft:acacia_slab":1,"minecraft:netherrack":1,"minecraft:coal":119,"minecraft:ender_pearl":3},"minecraft:dropped":{"minecraft:iron_ingot":32,"minecraft:bread":11,"minecraft:wheat_seeds":13,"minecraft:diamond_axe":1,"minecraft:oak_log":19,"minecraft:glow_ink_sac":23,"minecraft:ender_pearl":3,"minecraft:book":1,"minecraft:poisonous_potato":1,"minecraft:cobblestone":2,"mowziesmobs:umvuthana_mask_fear":2,"minecraft:leather":13,"jeg:grenade":3,"minecraft:stick":1,"minecraft:dirt":58,"tombstone:magic_scroll":1,"tombstone:grave_key":1,"minecraft:mutton":2,"tombstone:grave_dust":14,"minecraft:amethyst_shard":6,"minecraft:paper":79,"minecraft:chainmail_leggings":1,"minecraft:string":7,"minecraft:acacia_planks":21,"minecraft:gold_ingot":31,"minecraft:stone_axe":1,"alexsmobs:maggot":2,"mowziesmobs:umvuthana_mask_rage":2,"minecraft:coarse_dirt":6,"minecraft:cobbled_deepslate":11,"minecraft:tuff":2,"minecraft:rotten_flesh":12,"minecraft:light_gray_wool":1,"minecraft:oak_planks":121,"minecraft:iron_boots":1,"gamma_beasts:kiwi":1,"alexsmobs:emu_egg":1,"minecraft:acacia_stairs":2,"smarter_mobs:spider_web":4,"minecraft:potato":7,"minecraft:shield":1,"minecraft:acacia_slab":1,"minecraft:spider_eye":2,"minecraft:bow":1,"minecraft:stone_pickaxe":1,"minecraft:wooden_pickaxe":1,"minecraft:crying_obsidian":5},"minecraft:crafted":{"minecraft:oak_door":3,"minecraft:oak_planks":276,"minecraft:raw_iron":27,"minecraft:stone_shovel":1,"minecraft:furnace":4,"minecraft:piston":9,"minecraft:bone_meal":78,"minecraft:cooked_mutton":3,"minecraft:oak_trapdoor":8,"minecraft:glass_pane":128,"minecraft:glass":64,"minecraft:iron_boots":2,"sophisticatedbackpacks:copper_backpack":1,"minecraft:iron_axe":1,"minecraft:ladder":3,"minecraft:stone_pickaxe":1,"minecraft:chest":3,"minecraft:redstone_block":5,"minecraft:stone_hoe":2,"minecraft:golden_boots":1,"minecraft:raw_iron_block":3,"sophisticatedbackpacks:iron_backpack":1,"minecraft:oak_slab":57,"minecraft:cooked_porkchop":3,"sophisticatedbackpacks:backpack":1,"minecraft:diamond_axe":1,"minecraft:crafting_table":2,"minecraft:acacia_slab":18,"minecraft:iron_helmet":3,"minecraft:wooden_pickaxe":1,"minecraft:baked_potato":19,"minecraft:iron_sword":2,"industrialforegoing:machine_frame_pity":5,"minecraft:bucket":2,"minecraft:stone_axe":1,"minecraft:bread":1,"minecraft:air":0,"industrialforegoing:fluid_extractor":5,"minecraft:iron_chestplate":1,"minecraft:book":2,"minecraft:shield":2,"minecraft:light_weighted_pressure_plate":8,"minecraft:stick":52,"minecraft:iron_ingot":71,"minecraft:iron_pickaxe":2,"minecraft:iron_shovel":1,"minecraft:iron_leggings":1,"minecraft:white_bed":1,"minecraft:composter":2,"minecraft:acacia_planks":100,"minecraft:torch":84},"minecraft:used":{"alexsmobs:emu_egg":1,"minecraft:oak_trapdoor":6,"minecraft:enchanting_table":1,"minecraft:iron_shovel":178,"minecraft:stone_shovel":132,"minecraft:ladder":3,"minecraft:chest":2,"minecraft:shield":134,"gamma_beasts:green_apple":16,"minecraft:iron_sword":249,"minecraft:oak_door":1,"minecraft:cooked_salmon":9,"minecraft:rotten_flesh":25,"minecraft:stone_hoe":221,"gamma_beasts:thin_oak_log":1,"minecraft:iron_chestplate":1,"minecraft:orange_bed":13,"minecraft:torch":106,"minecraft:dirt":573,"minecraft:mutton":1,"minecraft:tuff":2,"minecraft:granite":1,"jeg:grenade":5,"alexsmobs:maggot":1,"minecraft:lava_bucket":1,"minecraft:iron_axe":23,"minecraft:iron_helmet":3,"minecraft:iron_boots":3,"minecraft:light_gray_wool":2,"mowziesmobs:umvuthana_mask_rage":1,"minecraft:oak_sapling":1,"minecraft:furnace":6,"tombstone:gift":4,"minecraft:potato":304,"minecraft:cobbled_deepslate":7,"minecraft:iron_leggings":1,"minecraft:golden_boots":2,"minecraft:wheat_seeds":18,"minecraft:cooked_mutton":3,"minecraft:water_bucket":75,"minecraft:acacia_trapdoor":2,"minecraft:stone_pickaxe":100,"minecraft:baked_potato":19,"minecraft:oak_planks":117,"industrialforegoing:fluid_extractor":6,"minecraft:sugar_cane":4,"minecraft:wooden_pickaxe":5,"minecraft:diamond_axe":172,"minecraft:sandstone":56,"minecraft:composter":4,"minecraft:sand":12,"minecraft:oak_slab":68,"minecraft:crafting_table":6,"minecraft:red_bed":5,"minecraft:white_bed":9,"smarter_mobs:spider_web":3,"minecraft:oak_log":5,"gamma_beasts:kiwi":19,"minecraft:bread":30,"minecraft:iron_pickaxe":391,"minecraft:gravel":2,"minecraft:stone_axe":67,"minecraft:cobblestone":169,"minecraft:cooked_porkchop":3,"minecraft:porkchop":3,"minecraft:bucket":78,"minecraft:glass_pane":118,"alexsmobs:animal_dictionary":1,"minecraft:coarse_dirt":66,"minecraft:bone_meal":78},"minecraft:killed":{"minecraft:spider":13,"minecraft:skeleton":10,"minecraft:chicken":1,"alexsmobs:soul_vulture":1,"minecraft:pig":2,"mowziesmobs:umvuthana_follower_raptor":9,"minecraft:creeper":4,"alexsmobs:crimson_mosquito":2,"minecraft:sheep":4,"minecraft:zombie":27,"alexsmobs:gazelle":1,"alexsmobs:fly":2,"minecraft:enderman":1,"mowziesmobs:umvuthana_raptor":3},"minecraft:mined":{"minecraft:tuff":9,"minecraft:white_bed":6,"gamma_beasts:roble_hoja_1":9,"gamma_beasts:thin_acacia_log":6,"gamma_beasts:roblo_hoja":9,"minecraft:acacia_log":18,"minecraft:granite":3,"minecraft:grass_block":98,"unusualprehistory:plant_fossil":5,"minecraft:composter":2,"minecraft:sandstone":16,"industrialforegoing:fluid_extractor":1,"minecraft:raw_iron_block":2,"minecraft:furnace":1,"minecraft:acacia_trapdoor":2,"minecraft:iron_ore":63,"gamma_beasts:prehnite_ore":2,"minecraft:andesite":1,"minecraft:gold_block":3,"minecraft:enchanting_table":1,"gamma_beasts:acacia_hoja":11,"minecraft:potatoes":163,"minecraft:deepslate_iron_ore":28,"minecraft:stone":196,"minecraft:orange_bed":13,"minecraft:oak_slab":8,"smarter_mobs:spider_web":4,"minecraft:glass_pane":1,"minecraft:red_bed":3,"minecraft:torch":13,"gamma_beasts:acacia_hoja_1":2,"minecraft:crafting_table":5,"minecraft:emerald_ore":4,"minecraft:tall_grass":1,"minecraft:cobblestone":60,"minecraft:oak_planks":9,"minecraft:sugar_cane":2,"minecraft:diorite":1,"minecraft:wall_torch":5,"minecraft:coarse_dirt":70,"minecraft:wheat":5,"minecraft:light_gray_wool":2,"gamma_beasts:thin_oak_log":46,"minecraft:grass":11,"minecraft:coal_ore":70,"minecraft:oak_log":100,"minecraft:gravel":1,"minecraft:dirt":172,"minecraft:sand":67,"minecraft:netherrack":1,"minecraft:oak_leaves":14,"minecraft:deepslate":16}},"DataVersion":3465}