{"stats":{"minecraft:killed":{"minecraft:pig":1,"mowziesmobs:umvuthana_follower_raptor":6,"minecraft:sheep":2,"minecraft:zombie":2,"alexsmobs:gazelle":1,"alexsmobs:fly":1,"mowziesmobs:umvuthana_raptor":1},"minecraft:dropped":{"minecraft:wheat_seeds":3,"mowziesmobs:umvuthana_mask_fear":1,"gamma_beasts:kiwi":1,"alexsmobs:emu_egg":1,"minecraft:acacia_stairs":2,"minecraft:shield":1,"minecraft:mutton":2,"minecraft:wooden_pickaxe":1},"minecraft:picked_up":{"minecraft:crafting_table":2,"minecraft:feather":8,"minecraft:shield":1,"minecraft:red_bed":3,"minecraft:dirt":58,"minecraft:string":2,"gamma_beasts:acacia_leaf":6,"minecraft:bone":1,"mowziesmobs:umvuthana_mask_rage":2,"minecraft:wheat_seeds":3,"minecraft:sandstone":48,"minecraft:torch":2,"minecraft:acacia_log":9,"minecraft:gravel":2,"minecraft:porkchop":3,"minecraft:sand":5,"gamma_beasts:thin_acacia_log":6,"tombstone:grave_dust":1,"minecraft:diorite":1,"minecraft:white_bed":7,"minecraft:acacia_stairs":2,"minecraft:orange_bed":4,"minecraft:bundle":1,"minecraft:arrow":2,"minecraft:rotten_flesh":1,"gamma_beasts:kiwi":20,"alexsmobs:emu_egg":2,"mowziesmobs:umvuthana_mask_bliss":1,"gamma_beasts:coal_nugget":12,"minecraft:chainmail_helmet":1,"mowziesmobs:umvuthana_mask_fear":2,"alexsmobs:maggot":1,"minecraft:mutton":3,"minecraft:coal":35,"minecraft:white_wool":2,"minecraft:cobblestone":40},"minecraft:crafted":{"minecraft:crafting_table":1,"minecraft:wooden_pickaxe":1,"minecraft:stone_axe":1,"minecraft:stick":20,"minecraft:stone_pickaxe":1,"minecraft:acacia_planks":48,"minecraft:torch":56},"minecraft:custom":{"minecraft:mob_kills":14,"minecraft:interact_with_crafting_table":3,"minecraft:damage_dealt_resisted":18,"minecraft:leave_game":10,"minecraft:time_since_death":4080,"minecraft:sleep_in_bed":5,"minecraft:climb_one_cm":1542,"minecraft:time_since_rest":2432,"minecraft:waystone_activated":1,"minecraft:sprint_one_cm":195038,"minecraft:damage_taken":2768,"minecraft:walk_one_cm":143863,"minecraft:drop":9,"minecraft:damage_dealt":1038,"minecraft:swim_one_cm":7778,"minecraft:fly_one_cm":473075,"minecraft:open_chest":1,"minecraft:crouch_one_cm":8195,"minecraft:play_time":81202,"tombstone:undead_killed":2,"minecraft:deaths":7,"minecraft:sneak_time":3026,"minecraft:walk_under_water_one_cm":599,"minecraft:jump":1739,"minecraft:walk_on_water_one_cm":4256,"minecraft:total_world_time":81202,"minecraft:fall_one_cm":45648},"minecraft:mined":{"minecraft:white_bed":5,"minecraft:red_bed":1,"gamma_beasts:thin_acacia_log":6,"minecraft:crafting_table":2,"gamma_beasts:acacia_hoja_1":2,"minecraft:torch":2,"minecraft:acacia_log":5,"minecraft:grass_block":2,"minecraft:tall_grass":1,"minecraft:diorite":1,"minecraft:sandstone":16,"minecraft:grass":6,"gamma_beasts:acacia_hoja":11,"minecraft:coal_ore":35,"minecraft:dirt":2,"minecraft:stone":24,"minecraft:orange_bed":4},"minecraft:used":{"alexsmobs:emu_egg":1,"minecraft:stone_pickaxe":76,"minecraft:wooden_pickaxe":5,"minecraft:sandstone":51,"minecraft:rotten_flesh":1,"minecraft:torch":7,"minecraft:dirt":3,"minecraft:sand":9,"minecraft:mutton":1,"minecraft:crafting_table":2,"minecraft:red_bed":3,"minecraft:white_bed":7,"gamma_beasts:kiwi":19,"minecraft:gravel":2,"minecraft:stone_axe":55,"mowziesmobs:umvuthana_mask_rage":1,"minecraft:porkchop":3,"tombstone:gift":2},"minecraft:killed_by":{"minecraft:zombie":1,"mowziesmobs:umvuthana_follower_raptor":1}},"DataVersion":3465}