{"stats":{"minecraft:killed":{"minecraft:pig":1,"minecraft:spider":2,"mowziesmobs:umvuthana_follower_raptor":6,"minecraft:sheep":2,"minecraft:skeleton":4,"minecraft:zombie":8,"minecraft:chicken":1,"alexsmobs:gazelle":1,"alexsmobs:fly":1,"mowziesmobs:umvuthana_raptor":1},"minecraft:dropped":{"minecraft:wheat_seeds":3,"mowziesmobs:umvuthana_mask_fear":1,"gamma_beasts:kiwi":1,"alexsmobs:emu_egg":1,"minecraft:acacia_stairs":2,"minecraft:shield":1,"minecraft:mutton":2,"minecraft:wooden_pickaxe":1},"minecraft:picked_up":{"mowziesmobs:umvuthana_mask_fury":1,"minecraft:crafting_table":2,"minecraft:feather":10,"minecraft:glow_ink_sac":3,"gamma_beasts:prehnite":2,"minecraft:shield":1,"smarter_mobs:spider_web":1,"minecraft:red_bed":3,"minecraft:dirt":58,"minecraft:string":2,"gamma_beasts:acacia_leaf":6,"minecraft:bone":6,"mowziesmobs:umvuthana_mask_rage":2,"minecraft:wheat_seeds":3,"minecraft:iron_ingot":5,"unusualprehistory:plant_fossil_item":1,"minecraft:furnace":1,"minecraft:raw_iron":19,"minecraft:sandstone":48,"minecraft:torch":3,"minecraft:acacia_log":9,"minecraft:gravel":7,"minecraft:porkchop":3,"minecraft:sand":5,"gamma_beasts:thin_acacia_log":6,"tombstone:grave_dust":13,"minecraft:diorite":1,"minecraft:white_bed":8,"minecraft:acacia_stairs":2,"minecraft:spider_eye":1,"minecraft:orange_bed":9,"minecraft:bundle":1,"minecraft:arrow":5,"minecraft:rotten_flesh":8,"gamma_beasts:kiwi":20,"alexsmobs:emu_egg":2,"mowziesmobs:umvuthana_mask_bliss":1,"gamma_beasts:coal_nugget":19,"minecraft:chainmail_helmet":1,"mowziesmobs:umvuthana_mask_fear":2,"alexsmobs:maggot":1,"minecraft:mutton":3,"minecraft:coal":69,"minecraft:white_wool":2,"minecraft:cobblestone":82},"minecraft:crafted":{"minecraft:crafting_table":1,"minecraft:wooden_pickaxe":1,"minecraft:iron_sword":1,"minecraft:furnace":2,"minecraft:stone_axe":1,"minecraft:air":0,"minecraft:shield":1,"minecraft:stick":28,"minecraft:iron_ingot":9,"minecraft:iron_pickaxe":1,"minecraft:stone_pickaxe":1,"minecraft:iron_leggings":1,"minecraft:white_bed":1,"minecraft:acacia_planks":48,"minecraft:torch":56},"minecraft:custom":{"minecraft:interact_with_furnace":10,"minecraft:mob_kills":27,"minecraft:interact_with_crafting_table":14,"minecraft:damage_dealt_resisted":18,"minecraft:leave_game":10,"minecraft:time_since_death":6944,"minecraft:sleep_in_bed":8,"minecraft:climb_one_cm":1542,"minecraft:time_since_rest":6871,"minecraft:waystone_activated":1,"minecraft:sprint_one_cm":240717,"minecraft:damage_taken":3533,"minecraft:walk_one_cm":219655,"minecraft:damage_blocked_by_shield":565,"minecraft:drop":9,"minecraft:damage_dealt":2769,"minecraft:player_kills":1,"minecraft:damage_dealt_absorbed":79,"minecraft:swim_one_cm":7778,"minecraft:fly_one_cm":537252,"minecraft:open_chest":4,"minecraft:crouch_one_cm":18187,"minecraft:play_time":111202,"tombstone:undead_killed":12,"minecraft:deaths":8,"minecraft:sneak_time":5376,"minecraft:walk_under_water_one_cm":2394,"minecraft:jump":2127,"minecraft:walk_on_water_one_cm":12991,"minecraft:total_world_time":111202,"minecraft:fall_one_cm":57192},"minecraft:mined":{"minecraft:white_bed":6,"minecraft:red_bed":1,"gamma_beasts:thin_acacia_log":6,"minecraft:crafting_table":2,"gamma_beasts:acacia_hoja_1":2,"minecraft:torch":2,"minecraft:acacia_log":5,"minecraft:grass_block":2,"unusualprehistory:plant_fossil":1,"minecraft:tall_grass":1,"minecraft:cobblestone":1,"minecraft:diorite":1,"minecraft:sandstone":16,"minecraft:iron_ore":19,"gamma_beasts:prehnite_ore":2,"minecraft:grass":6,"gamma_beasts:acacia_hoja":11,"minecraft:coal_ore":48,"minecraft:gravel":1,"minecraft:dirt":2,"minecraft:stone":58,"minecraft:orange_bed":9},"minecraft:used":{"alexsmobs:emu_egg":1,"minecraft:stone_pickaxe":99,"minecraft:shield":15,"minecraft:wooden_pickaxe":5,"minecraft:sandstone":56,"minecraft:iron_sword":40,"minecraft:rotten_flesh":17,"minecraft:orange_bed":8,"minecraft:torch":26,"minecraft:dirt":3,"minecraft:sand":9,"minecraft:mutton":1,"minecraft:crafting_table":3,"minecraft:red_bed":3,"minecraft:white_bed":9,"gamma_beasts:kiwi":19,"minecraft:iron_pickaxe":49,"minecraft:gravel":2,"minecraft:stone_axe":65,"mowziesmobs:umvuthana_mask_rage":1,"minecraft:cobblestone":31,"minecraft:furnace":2,"minecraft:porkchop":3,"tombstone:gift":2,"minecraft:iron_leggings":1},"minecraft:killed_by":{"minecraft:player":1,"minecraft:zombie":1,"mowziesmobs:umvuthana_follower_raptor":1}},"DataVersion":3465}