{"stats":{"minecraft:picked_up":{"mowziesmobs:umvuthana_mask_fury":1,"minecraft:crafting_table":3,"minecraft:feather":10,"minecraft:glow_ink_sac":3,"gamma_beasts:prehnite":2,"minecraft:shield":1,"minecraft:dirt":58,"smarter_mobs:spider_web":3,"minecraft:red_bed":3,"minecraft:string":2,"jeg:grenade":3,"gamma_beasts:acacia_leaf":6,"minecraft:bone":7,"mowziesmobs:umvuthana_mask_rage":2,"minecraft:wheat_seeds":3,"minecraft:iron_ingot":6,"unusualprehistory:plant_fossil_item":5,"minecraft:furnace":2,"minecraft:raw_iron":41,"minecraft:sandstone":48,"minecraft:torch":10,"minecraft:acacia_log":9,"minecraft:gravel":7,"minecraft:porkchop":3,"minecraft:sand":5,"gamma_beasts:thin_acacia_log":6,"tombstone:grave_dust":13,"minecraft:diorite":1,"minecraft:white_bed":8,"minecraft:acacia_stairs":2,"minecraft:spider_eye":1,"minecraft:orange_bed":10,"minecraft:bundle":1,"minecraft:arrow":5,"minecraft:rotten_flesh":8,"gamma_beasts:kiwi":20,"minecraft:bread":29,"alexsmobs:emu_egg":2,"mowziesmobs:umvuthana_mask_bliss":1,"gamma_beasts:coal_nugget":19,"minecraft:chainmail_helmet":1,"mowziesmobs:umvuthana_mask_fear":2,"alexsmobs:maggot":1,"minecraft:mutton":3,"minecraft:coal":98,"minecraft:white_wool":2,"minecraft:cobblestone":170,"minecraft:ender_pearl":1},"minecraft:mined":{"minecraft:white_bed":6,"minecraft:red_bed":1,"gamma_beasts:thin_acacia_log":6,"gamma_beasts:acacia_hoja_1":2,"minecraft:crafting_table":3,"minecraft:torch":2,"minecraft:granite":2,"minecraft:acacia_log":5,"minecraft:grass_block":2,"unusualprehistory:plant_fossil":5,"minecraft:tall_grass":1,"minecraft:cobblestone":24,"minecraft:diorite":1,"minecraft:sandstone":16,"minecraft:wall_torch":5,"minecraft:furnace":1,"minecraft:iron_ore":38,"gamma_beasts:prehnite_ore":2,"minecraft:grass":6,"gamma_beasts:acacia_hoja":11,"minecraft:coal_ore":48,"minecraft:gravel":1,"minecraft:dirt":2,"minecraft:stone":124,"minecraft:orange_bed":10},"minecraft:crafted":{"minecraft:crafting_table":1,"minecraft:iron_helmet":1,"minecraft:wooden_pickaxe":1,"minecraft:iron_sword":1,"minecraft:furnace":2,"minecraft:stone_axe":1,"minecraft:air":0,"minecraft:iron_boots":1,"minecraft:iron_chestplate":1,"minecraft:shield":1,"minecraft:iron_axe":1,"minecraft:stick":28,"minecraft:iron_ingot":32,"minecraft:iron_pickaxe":2,"minecraft:stone_pickaxe":1,"minecraft:chest":2,"minecraft:iron_leggings":1,"minecraft:white_bed":1,"minecraft:acacia_planks":48,"minecraft:torch":56},"minecraft:used":{"alexsmobs:emu_egg":1,"minecraft:stone_pickaxe":99,"minecraft:chest":2,"minecraft:wooden_pickaxe":5,"minecraft:shield":17,"minecraft:sandstone":56,"minecraft:iron_sword":42,"minecraft:rotten_flesh":17,"minecraft:iron_chestplate":1,"minecraft:orange_bed":9,"minecraft:torch":38,"minecraft:sand":9,"minecraft:dirt":3,"minecraft:mutton":1,"minecraft:crafting_table":4,"minecraft:red_bed":3,"minecraft:white_bed":9,"smarter_mobs:spider_web":2,"alexsmobs:maggot":1,"gamma_beasts:kiwi":19,"minecraft:bread":4,"minecraft:iron_pickaxe":164,"minecraft:iron_helmet":1,"minecraft:iron_boots":1,"minecraft:gravel":2,"minecraft:stone_axe":67,"mowziesmobs:umvuthana_mask_rage":1,"minecraft:cobblestone":145,"minecraft:porkchop":3,"minecraft:furnace":4,"tombstone:gift":4,"alexsmobs:animal_dictionary":1,"minecraft:iron_leggings":1},"minecraft:dropped":{"minecraft:wheat_seeds":3,"mowziesmobs:umvuthana_mask_fear":1,"jeg:grenade":3,"gamma_beasts:kiwi":1,"alexsmobs:emu_egg":1,"minecraft:acacia_stairs":2,"minecraft:shield":1,"minecraft:mutton":2,"minecraft:wooden_pickaxe":1},"minecraft:killed_by":{"minecraft:player":1,"minecraft:zombie":1,"mowziesmobs:umvuthana_follower_raptor":1},"minecraft:killed":{"minecraft:pig":1,"minecraft:spider":3,"mowziesmobs:umvuthana_follower_raptor":6,"minecraft:sheep":2,"minecraft:skeleton":4,"minecraft:zombie":8,"minecraft:chicken":1,"alexsmobs:gazelle":1,"alexsmobs:fly":1,"mowziesmobs:umvuthana_raptor":1},"minecraft:custom":{"minecraft:interact_with_furnace":24,"minecraft:mob_kills":28,"minecraft:interact_with_crafting_table":19,"minecraft:damage_dealt_resisted":18,"minecraft:leave_game":12,"minecraft:time_since_death":26580,"minecraft:sleep_in_bed":12,"minecraft:climb_one_cm":1542,"minecraft:time_since_rest":8743,"minecraft:waystone_activated":1,"minecraft:sprint_one_cm":251527,"minecraft:damage_taken":3551,"minecraft:walk_one_cm":305998,"minecraft:damage_blocked_by_shield":810,"minecraft:drop":12,"minecraft:damage_dealt":2869,"minecraft:damage_dealt_absorbed":79,"minecraft:player_kills":1,"minecraft:swim_one_cm":12956,"minecraft:fly_one_cm":553427,"minecraft:open_chest":9,"minecraft:crouch_one_cm":25698,"minecraft:play_time":130838,"minecraft:sneak_time":6927,"tombstone:undead_killed":12,"minecraft:deaths":8,"minecraft:walk_under_water_one_cm":8519,"minecraft:jump":2330,"minecraft:walk_on_water_one_cm":19749,"minecraft:total_world_time":130838,"minecraft:fall_one_cm":62822}},"DataVersion":3465}