{"stats":{"minecraft:picked_up":{"minecraft:fishing_rod":1,"minecraft:crafting_table":4,"minecraft:birch_door":64,"minecraft:wheat":20,"minecraft:chicken":3,"unusualprehistory:amber_shard":14,"minecraft:ladder":19,"minecraft:anvil":1,"minecraft:leather_leggings":1,"gamma_beasts:fur":1,"minecraft:wooden_pickaxe":1,"minecraft:enchanted_book":2,"minecraft:potion":1,"jeg:scrap_workbench":1,"tombstone:grave_key":6,"minecraft:shield":1,"minecraft:raw_copper":130,"minecraft:string":37,"alexsmobs:gazelle_horn":1,"minecraft:iron_axe":6,"minecraft:acacia_door":1,"minecraft:red_bed":2,"minecraft:wooden_sword":1,"minecraft:oak_hanging_sign":1,"minecraft:shroomlight":1,"minecraft:cartography_table":1,"minecraft:cobbled_deepslate":1,"bosses_of_mass_destruction:soul_star":1,"minecraft:beef":4,"minecraft:cobblestone_slab":1,"unusualprehistory:plant_fossil_item":23,"minecraft:ender_eye":14,"minecraft:wooden_shovel":1,"minecraft:melon_slice":6,"minecraft:sugar_cane":10,"minecraft:chest":15,"gamma_beasts:prehnite_sword":2,"minecraft:egg":3,"minecraft:iron_boots":1,"minecraft:furnace":1,"minecraft:stick":8,"minecraft:sandstone":97,"unusualprehistory:warpick":1,"minecraft:stone":18,"minecraft:acacia_fence":2,"minecraft:oak_door":1,"minecraft:copper_ingot":591,"minecraft:oak_fence":2,"minecraft:torch":96,"minecraft:acacia_log":7,"minecraft:porkchop":4,"tombstone:grave_dust":3,"minecraft:pointed_dripstone":7,"minecraft:diorite":39,"minecraft:redstone":114,"minecraft:cauldron":1,"minecraft:orange_bed":1,"minecraft:cactus":4,"jeg:healing_talisman":3,"minecraft:arrow":71,"minecraft:rotten_flesh":76,"jeg:gunmetal_workbench":1,"gamma_beasts:gusnow_spawn_spawn_egg":1,"gamma_beasts:coal_nugget":98,"mowziesmobs:umvuthana_mask_bliss":1,"alexsmobs:emu_egg":3,"minecraft:bookshelf":2,"minecraft:saddle":2,"minecraft:gold_ingot":131,"minecraft:mutton":4,"gamma_beasts:golden_berries":1,"jeg:raw_brimstone":3,"securitycraft:keypad_door_item":1,"minecraft:white_wool":13,"minecraft:cobblestone":401,"minecraft:enchanting_table":1,"mowziesmobs:umvuthana_mask_fury":3,"minecraft:feather":160,"minecraft:cooked_beef":27,"minecraft:glow_ink_sac":2,"minecraft:water_bucket":2,"minecraft:leather":1,"gamma_beasts:prehnite":20,"minecraft:potato":274,"create:raw_zinc":16,"minecraft:oak_log":11,"jeg:scrap":244,"minecraft:gunpowder":9,"minecraft:cobblestone_stairs":2,"minecraft:dirt":374,"minecraft:wooden_hoe":2,"smarter_mobs:spider_web":3,"minecraft:paper":19,"minecraft:name_tag":1,"minecraft:leather_boots":2,"minecraft:bone":19,"mowziesmobs:umvuthana_mask_rage":1,"minecraft:bow":5,"minecraft:wheat_seeds":249,"minecraft:raw_gold":28,"gamma_beasts:book":1,"minecraft:iron_ingot":10,"minecraft:rabbit_hide":1,"minecraft:grindstone":1,"minecraft:rabbit":3,"jeg:double_barrel_shotgun":1,"weather2:sand_layer":3,"minecraft:iron_sword":1,"mowziesmobs:umvuthana_mask_misery":2,"jeg:tech_trash":78,"create:elevator_pulley":2,"minecraft:pumpkin":10,"gamma_beasts:gsnow_saddle":1,"minecraft:poisonous_potato":1,"gamma_beasts:gamma_reactor":3,"minecraft:sand":68,"minecraft:blast_furnace":1,"minecraft:grass_block":5,"minecraft:spider_eye":8,"minecraft:leather_helmet":2,"minecraft:bundle":1,"alexsmobs:kangaroo_hide":2,"minecraft:diamond":4,"jeg:custom_smg":1,"minecraft:iron_helmet":2,"alexsmobs:rattlesnake_rattle":2,"minecraft:granite":1,"minecraft:bone_meal":1,"minecraft:spruce_sign":2,"minecraft:emerald":2,"minecraft:bread":47,"mowziesmobs:umvuthana_mask_fear":4,"minecraft:jack_o_lantern":1,"tombstone:magic_scroll":1,"minecraft:oak_sapling":1,"minecraft:melon_seeds":27,"unusualprehistory:amber_fossil":1,"minecraft:coal":135,"minecraft:ender_pearl":30,"minecraft:diamond_pickaxe":3},"minecraft:killed":{"minecraft:spider":2,"minecraft:horse":1,"minecraft:skeleton":3,"minecraft:chicken":3,"mowziesmobs:umvuthana_crane":6,"mowziesmobs:umvuthana":2,"mowziesmobs:baby_foliaath":3,"minecraft:pig":3,"minecraft:rabbit":2,"gamma_beasts:gusnow_spawn":1,"mowziesmobs:umvuthana_follower_raptor":12,"gamma_beasts:skinno":1,"minecraft:creeper":4,"minecraft:sheep":3,"minecraft:zombie":5,"alexsmobs:terrapin":1,"alexsmobs:gazelle":1,"alexsmobs:fly":3,"mowziesmobs:umvuthana_raptor":2,"minecraft:cow":2},"minecraft:killed_by":{"minecraft:husk":1,"minecraft:player":1,"minecraft:witch":1},"minecraft:dropped":{"minecraft:water_bucket":2,"minecraft:spruce_sign":3,"minecraft:bread":1,"minecraft:iron_sword":1,"minecraft:wheat_seeds":69,"minecraft:diamond_axe":1,"minecraft:ender_pearl":62,"minecraft:crafting_table":2,"gamma_beasts:coal_nugget":4,"minecraft:bookshelf":2,"gamma_beasts:gamma_reactor":1,"minecraft:oak_hanging_sign":1,"minecraft:cobblestone":195,"minecraft:oak_fence":2,"minecraft:iron_helmet":1,"minecraft:feather":64,"mowziesmobs:umvuthana_mask_fear":1,"alexsmobs:rattlesnake_rattle":1,"minecraft:leather":1,"jeg:grenade":8,"jeg:scrap":128,"jeg:gunmetal_workbench":1,"minecraft:acacia_log":2,"minecraft:grass_block":7,"minecraft:leather_helmet":2,"minecraft:cobblestone_stairs":2,"minecraft:stick":6,"jeg:scrap_workbench":1,"minecraft:dirt":169,"minecraft:diorite":39,"minecraft:torch":42,"minecraft:wooden_hoe":2,"tombstone:grave_key":10,"minecraft:melon_slice":1,"unusualprehistory:amber_fossil":1,"minecraft:jack_o_lantern":2,"minecraft:wooden_sword":1,"minecraft:bone_meal":2,"minecraft:iron_axe":12,"minecraft:cactus":4,"minecraft:fishing_rod":1,"minecraft:bucket":1,"unusualprehistory:warpick":1,"minecraft:cauldron":1,"minecraft:bone":4,"minecraft:oak_door":1,"minecraft:furnace":1,"minecraft:anvil":1,"minecraft:sugar_cane":8,"securitycraft:dirt_mine":7,"tombstone:gift":1,"minecraft:grindstone":1,"minecraft:rotten_flesh":2,"minecraft:iron_boots":1,"minecraft:ender_eye":14,"alexsmobs:emu_egg":2,"gamma_beasts:gusnow_spawn_spawn_egg":1,"minecraft:blast_furnace":1,"gamma_beasts:prehnite_sword":1,"minecraft:cobblestone_slab":2,"minecraft:shroomlight":1,"minecraft:stone":18,"minecraft:shield":1,"unusualprehistory:amber_shard":14,"create:zinc_ingot":17,"minecraft:diamond_pickaxe":1,"minecraft:melon_seeds":2,"minecraft:birch_door":64,"minecraft:oak_sapling":1,"minecraft:chest":1,"minecraft:ladder":16,"minecraft:wooden_shovel":1,"minecraft:cat_spawn_egg":1,"minecraft:spider_eye":4,"minecraft:sandstone":74,"minecraft:arrow":33,"minecraft:bow":4,"minecraft:wooden_pickaxe":1,"minecraft:acacia_fence":2,"minecraft:enchanting_table":1,"mowziesmobs:umvuthana_mask_fury":2},"minecraft:mined":{"minecraft:farmland":22,"minecraft:acacia_log":5,"minecraft:grass_block":40,"minecraft:tall_seagrass":1,"minecraft:fire":2,"minecraft:potatoes":150,"minecraft:dirt_path":1,"minecraft:stone":10,"minecraft:red_bed":2,"minecraft:melon_stem":1,"minecraft:torch":17,"minecraft:crafting_table":2,"minecraft:chest":14,"minecraft:dead_bush":2,"minecraft:tall_grass":4,"minecraft:cobblestone":30,"minecraft:sugar_cane":2,"minecraft:wall_torch":24,"minecraft:cactus":2,"minecraft:wheat":87,"minecraft:grass":60,"minecraft:coal_ore":7,"minecraft:oak_log":13,"minecraft:acacia_fence":1,"minecraft:sand":27,"minecraft:dirt":9,"minecraft:oak_leaves":33},"minecraft:custom":{"minecraft:interact_with_anvil":3,"minecraft:mob_kills":63,"minecraft:interact_with_crafting_table":30,"minecraft:fill_cauldron":2,"minecraft:damage_dealt_resisted":59,"minecraft:leave_game":13,"minecraft:time_since_death":179811,"minecraft:climb_one_cm":58540,"minecraft:sprint_one_cm":1084143,"minecraft:walk_one_cm":1774024,"minecraft:damage_blocked_by_shield":30,"minecraft:drop":147,"minecraft:talked_to_villager":5,"minecraft:play_time":529903,"minecraft:deaths":10,"minecraft:sneak_time":592,"minecraft:walk_under_water_one_cm":24607,"minecraft:jump":3479,"minecraft:interact_with_blast_furnace":7,"minecraft:walk_on_water_one_cm":68059,"minecraft:total_world_time":529903,"minecraft:interact_with_furnace":64,"minecraft:interact_with_stonecutter":4,"minecraft:interact_with_grindstone":1,"minecraft:sleep_in_bed":2,"minecraft:time_since_rest":179258,"minecraft:damage_taken":6628,"minecraft:damage_dealt":7414,"minecraft:swim_one_cm":11225,"minecraft:fly_one_cm":698693,"minecraft:open_chest":166,"minecraft:crouch_one_cm":1317,"tombstone:undead_killed":8,"minecraft:fall_one_cm":65817},"minecraft:broken":{"minecraft:wooden_shovel":1,"minecraft:iron_helmet":1},"minecraft:crafted":{"minecraft:wooden_sword":1,"securitycraft:mine":21,"minecraft:oak_planks":42,"minecraft:cooked_beef":4,"minecraft:wooden_shovel":1,"minecraft:cooked_porkchop":1,"minecraft:crafting_table":1,"minecraft:iron_helmet":1,"minecraft:wooden_pickaxe":2,"minecraft:baked_potato":363,"minecraft:copper_ingot":49,"securitycraft:dirt_mine":9,"minecraft:iron_chestplate":1,"minecraft:stick":8,"minecraft:iron_ingot":7,"minecraft:wooden_axe":1},"minecraft:used":{"minecraft:acacia_log":5,"minecraft:enchanting_table":1,"minecraft:ladder":27,"minecraft:chest":60,"minecraft:wooden_shovel":202,"minecraft:shield":1,"minecraft:stone":1,"securitycraft:keypad_door_item":1,"minecraft:oak_door":2,"minecraft:torch":77,"minecraft:brewing_stand":1,"minecraft:dirt":37,"minecraft:mutton":2,"minecraft:anvil":3,"minecraft:wooden_axe":6,"minecraft:shroomlight":8,"minecraft:bookshelf":31,"minecraft:grass_block":752,"minecraft:bow":8,"securitycraft:dirt_mine":2,"minecraft:furnace":6,"minecraft:egg":1,"tombstone:gift":2,"minecraft:potato":232,"minecraft:wheat_seeds":57,"minecraft:water_bucket":32,"minecraft:cobblestone_stairs":20,"minecraft:baked_potato":1,"minecraft:cauldron":2,"minecraft:wooden_pickaxe":69,"minecraft:spruce_sign":14,"gamma_beasts:prehnite_sword":95,"minecraft:cobblestone_slab":161,"minecraft:stonecutter":1,"gamma_beasts:gusnow_spawn_spawn_egg":1,"minecraft:blast_furnace":8,"minecraft:red_bed":1,"jeg:gunmetal_workbench":1,"minecraft:sand":17,"minecraft:crafting_table":6,"minecraft:wooden_hoe":62,"minecraft:ender_eye":5,"minecraft:diamond_pickaxe":6,"minecraft:chicken":3,"minecraft:melon_slice":5,"minecraft:bread":58,"minecraft:cat_spawn_egg":17,"jeg:scrap_workbench":1,"minecraft:wooden_sword":5,"minecraft:cobblestone":1860,"minecraft:porkchop":1,"minecraft:grindstone":3,"minecraft:oak_hanging_sign":1,"alexsmobs:animal_dictionary":1,"minecraft:bone_meal":479,"minecraft:jack_o_lantern":8}},"DataVersion":3465}