{"stats":{"minecraft:killed":{"minecraft:spider":2,"minecraft:horse":1,"minecraft:skeleton":3,"minecraft:chicken":3,"mowziesmobs:baby_foliaath":3,"minecraft:pig":3,"minecraft:rabbit":2,"gamma_beasts:gusnow_spawn":1,"mowziesmobs:umvuthana_follower_raptor":3,"minecraft:creeper":3,"gamma_beasts:skinno":1,"minecraft:sheep":3,"minecraft:zombie":5,"alexsmobs:terrapin":1,"alexsmobs:gazelle":1,"alexsmobs:fly":1},"minecraft:dropped":{"minecraft:water_bucket":1,"minecraft:spruce_sign":1,"minecraft:wheat_seeds":64,"minecraft:crafting_table":2,"gamma_beasts:coal_nugget":4,"minecraft:bookshelf":2,"minecraft:oak_hanging_sign":1,"minecraft:cobblestone":64,"minecraft:feather":64,"alexsmobs:rattlesnake_rattle":1,"jeg:scrap":128,"jeg:gunmetal_workbench":1,"minecraft:acacia_log":2,"minecraft:grass_block":2,"minecraft:cobblestone_stairs":1,"minecraft:stick":2,"jeg:scrap_workbench":1,"minecraft:dirt":65,"minecraft:diorite":39,"tombstone:grave_key":10,"minecraft:melon_slice":1,"unusualprehistory:amber_fossil":1,"minecraft:wooden_sword":1,"minecraft:cactus":4,"minecraft:fishing_rod":1,"minecraft:cauldron":1,"minecraft:bone":4,"minecraft:oak_door":1,"minecraft:furnace":1,"minecraft:anvil":1,"minecraft:sugar_cane":8,"minecraft:rotten_flesh":2,"minecraft:grindstone":1,"minecraft:iron_boots":1,"minecraft:blast_furnace":1,"gamma_beasts:prehnite_sword":1,"minecraft:cobblestone_slab":1,"minecraft:stone":18,"unusualprehistory:amber_shard":14,"minecraft:melon_seeds":2,"minecraft:chest":1,"minecraft:spider_eye":4,"minecraft:sandstone":74,"minecraft:arrow":31,"minecraft:bow":1,"minecraft:wooden_pickaxe":1,"minecraft:enchanting_table":1},"minecraft:picked_up":{"minecraft:fishing_rod":1,"minecraft:crafting_table":4,"minecraft:wheat":20,"unusualprehistory:amber_shard":14,"minecraft:chicken":3,"minecraft:anvil":1,"minecraft:leather_leggings":1,"gamma_beasts:fur":1,"minecraft:wooden_pickaxe":1,"minecraft:potion":1,"minecraft:enchanted_book":2,"jeg:scrap_workbench":1,"tombstone:grave_key":6,"alexsmobs:gazelle_horn":1,"minecraft:string":33,"minecraft:red_bed":2,"minecraft:raw_copper":130,"minecraft:wooden_sword":1,"minecraft:acacia_door":1,"minecraft:oak_hanging_sign":1,"minecraft:cartography_table":1,"minecraft:cobbled_deepslate":1,"bosses_of_mass_destruction:soul_star":1,"minecraft:cobblestone_slab":1,"unusualprehistory:plant_fossil_item":23,"minecraft:melon_slice":6,"minecraft:sugar_cane":10,"minecraft:chest":15,"gamma_beasts:prehnite_sword":2,"minecraft:furnace":1,"minecraft:iron_boots":1,"minecraft:egg":3,"minecraft:stick":4,"minecraft:sandstone":97,"minecraft:stone":18,"minecraft:oak_door":1,"minecraft:copper_ingot":591,"minecraft:torch":31,"minecraft:acacia_log":7,"minecraft:porkchop":3,"minecraft:pointed_dripstone":7,"tombstone:grave_dust":3,"minecraft:diorite":39,"minecraft:redstone":114,"minecraft:cauldron":1,"minecraft:orange_bed":1,"minecraft:arrow":67,"jeg:healing_talisman":3,"minecraft:cactus":4,"minecraft:rotten_flesh":74,"jeg:gunmetal_workbench":1,"gamma_beasts:gusnow_spawn_spawn_egg":1,"minecraft:saddle":2,"alexsmobs:emu_egg":3,"mowziesmobs:umvuthana_mask_bliss":1,"gamma_beasts:coal_nugget":98,"minecraft:bookshelf":2,"minecraft:gold_ingot":131,"gamma_beasts:golden_berries":1,"minecraft:mutton":4,"jeg:raw_brimstone":3,"minecraft:white_wool":13,"minecraft:cobblestone":271,"minecraft:enchanting_table":1,"mowziesmobs:umvuthana_mask_fury":1,"minecraft:feather":142,"minecraft:glow_ink_sac":2,"minecraft:water_bucket":1,"minecraft:leather":1,"gamma_beasts:prehnite":20,"create:raw_zinc":16,"minecraft:oak_log":11,"jeg:scrap":244,"minecraft:gunpowder":7,"minecraft:cobblestone_stairs":2,"minecraft:wooden_hoe":1,"smarter_mobs:spider_web":3,"minecraft:dirt":260,"minecraft:paper":19,"minecraft:name_tag":1,"minecraft:leather_boots":2,"minecraft:bone":17,"mowziesmobs:umvuthana_mask_rage":1,"minecraft:bow":3,"minecraft:wheat_seeds":240,"minecraft:raw_gold":28,"gamma_beasts:book":1,"minecraft:rabbit_hide":1,"minecraft:grindstone":1,"minecraft:iron_ingot":10,"minecraft:rabbit":3,"jeg:double_barrel_shotgun":1,"mowziesmobs:umvuthana_mask_misery":2,"weather2:sand_layer":3,"jeg:tech_trash":78,"create:elevator_pulley":2,"minecraft:pumpkin":10,"gamma_beasts:gsnow_saddle":1,"minecraft:sand":68,"minecraft:blast_furnace":1,"minecraft:grass_block":3,"minecraft:spider_eye":8,"minecraft:leather_helmet":1,"minecraft:bundle":1,"alexsmobs:kangaroo_hide":2,"minecraft:diamond":4,"jeg:custom_smg":1,"minecraft:iron_helmet":2,"alexsmobs:rattlesnake_rattle":2,"minecraft:granite":1,"minecraft:spruce_sign":1,"minecraft:emerald":2,"minecraft:bread":28,"mowziesmobs:umvuthana_mask_fear":2,"tombstone:magic_scroll":1,"minecraft:melon_seeds":2,"unusualprehistory:amber_fossil":1,"minecraft:coal":135,"minecraft:diamond_pickaxe":2},"minecraft:crafted":{"minecraft:wooden_sword":1,"minecraft:oak_planks":42,"minecraft:crafting_table":1,"minecraft:iron_helmet":1,"minecraft:wooden_pickaxe":2,"minecraft:iron_chestplate":1,"minecraft:stick":8,"minecraft:wooden_axe":1},"minecraft:custom":{"minecraft:interact_with_anvil":1,"minecraft:mob_kills":39,"minecraft:interact_with_crafting_table":11,"minecraft:fill_cauldron":2,"minecraft:damage_dealt_resisted":1,"minecraft:leave_game":5,"minecraft:time_since_death":161876,"minecraft:climb_one_cm":14965,"minecraft:sprint_one_cm":708764,"minecraft:walk_one_cm":1078438,"minecraft:drop":67,"minecraft:play_time":322055,"minecraft:deaths":9,"minecraft:sneak_time":500,"minecraft:walk_under_water_one_cm":22971,"minecraft:jump":2363,"minecraft:interact_with_blast_furnace":1,"minecraft:walk_on_water_one_cm":56120,"minecraft:total_world_time":322055,"minecraft:interact_with_grindstone":1,"minecraft:time_since_rest":159477,"minecraft:damage_taken":4678,"minecraft:damage_dealt":5284,"minecraft:swim_one_cm":10111,"minecraft:fly_one_cm":403063,"minecraft:open_chest":24,"minecraft:crouch_one_cm":1308,"tombstone:undead_killed":8,"minecraft:fall_one_cm":43307},"minecraft:mined":{"minecraft:acacia_log":5,"minecraft:grass_block":5,"minecraft:tall_seagrass":1,"minecraft:stone":10,"minecraft:red_bed":2,"minecraft:melon_stem":1,"minecraft:torch":1,"minecraft:crafting_table":2,"minecraft:chest":14,"minecraft:dead_bush":2,"minecraft:tall_grass":4,"minecraft:cobblestone":24,"minecraft:sugar_cane":2,"minecraft:wall_torch":8,"minecraft:cactus":2,"minecraft:wheat":72,"minecraft:grass":52,"minecraft:coal_ore":7,"minecraft:oak_log":11,"minecraft:sand":27,"minecraft:dirt":5,"minecraft:oak_leaves":2},"minecraft:used":{"minecraft:acacia_log":5,"minecraft:enchanting_table":1,"minecraft:chest":60,"minecraft:stone":1,"minecraft:oak_door":2,"minecraft:torch":57,"minecraft:brewing_stand":1,"minecraft:dirt":14,"minecraft:mutton":2,"minecraft:anvil":3,"minecraft:wooden_axe":6,"minecraft:bookshelf":30,"minecraft:grass_block":111,"minecraft:bow":1,"minecraft:furnace":6,"tombstone:gift":2,"minecraft:egg":1,"minecraft:water_bucket":2,"minecraft:cobblestone_stairs":20,"minecraft:wooden_pickaxe":69,"gamma_beasts:prehnite_sword":57,"minecraft:cauldron":2,"minecraft:cobblestone_slab":161,"minecraft:spruce_sign":5,"jeg:gunmetal_workbench":1,"minecraft:sand":17,"gamma_beasts:gusnow_spawn_spawn_egg":1,"minecraft:blast_furnace":8,"minecraft:crafting_table":6,"minecraft:chicken":3,"minecraft:bread":31,"minecraft:melon_slice":5,"jeg:scrap_workbench":1,"minecraft:wooden_sword":5,"minecraft:cobblestone":1490,"minecraft:porkchop":1,"minecraft:grindstone":3,"alexsmobs:animal_dictionary":1,"minecraft:oak_hanging_sign":1},"minecraft:broken":{"minecraft:iron_helmet":1},"minecraft:killed_by":{"minecraft:husk":1,"minecraft:player":1,"minecraft:witch":1}},"DataVersion":3465}